2026-01-04T17:41:40.076+0545 [INFO] [org.gradle.internal.nativeintegration.services.NativeServices] Initialized native services in: /home/zen/.gradle/native
2026-01-04T17:41:40.124+0545 [INFO] [org.gradle.internal.nativeintegration.services.NativeServices] Initialized jansi services in: /home/zen/.gradle/native
2026-01-04T17:41:40.163+0545 [LIFECYCLE] [org.gradle.launcher.cli.DebugLoggerWarningAction] 
#############################################################################
   WARNING WARNING WARNING WARNING WARNING WARNING WARNING WARNING WARNING

   Debug level logging will leak security sensitive information!

   For more details, please refer to https://docs.gradle.org/9.2.0/userguide/logging.html#sec:debug_security in the Gradle documentation.
#############################################################################

2026-01-04T17:41:40.276+0545 [DEBUG] [org.gradle.internal.remote.internal.inet.InetAddresses] Adding IP addresses for network interface wlp2s0
2026-01-04T17:41:40.276+0545 [DEBUG] [org.gradle.internal.remote.internal.inet.InetAddresses] Is this a loopback interface? false
2026-01-04T17:41:40.276+0545 [DEBUG] [org.gradle.internal.remote.internal.inet.InetAddresses] Adding remote address /fe80:0:0:0:b86b:99c3:ddfc:c99c%wlp2s0
2026-01-04T17:41:40.276+0545 [DEBUG] [org.gradle.internal.remote.internal.inet.InetAddresses] Adding remote address /2405:acc0:1306:4d27:0:0:0:5%wlp2s0
2026-01-04T17:41:40.277+0545 [DEBUG] [org.gradle.internal.remote.internal.inet.InetAddresses] Adding remote address /2405:acc0:1306:4d27:e9cf:e1e3:449f:270d%wlp2s0
2026-01-04T17:41:40.277+0545 [DEBUG] [org.gradle.internal.remote.internal.inet.InetAddresses] Adding remote address /192.168.18.214
2026-01-04T17:41:40.277+0545 [DEBUG] [org.gradle.internal.remote.internal.inet.InetAddresses] Adding IP addresses for network interface lo
2026-01-04T17:41:40.277+0545 [DEBUG] [org.gradle.internal.remote.internal.inet.InetAddresses] Is this a loopback interface? true
2026-01-04T17:41:40.277+0545 [DEBUG] [org.gradle.internal.remote.internal.inet.InetAddresses] Adding loopback address /0:0:0:0:0:0:0:1%lo
2026-01-04T17:41:40.278+0545 [DEBUG] [org.gradle.internal.remote.internal.inet.InetAddresses] Adding loopback address /127.0.0.1
2026-01-04T17:41:40.334+0545 [DEBUG] [org.gradle.cache.internal.DefaultCacheCoordinator] Creating new cache for metadata, path /home/zen/.gradle/caches/9.2.0/jvms/metadata.bin, access org.gradle.cache.internal.DefaultCacheCoordinator@3bd323e9
2026-01-04T17:41:40.385+0545 [DEBUG] [org.gradle.launcher.daemon.client.DaemonClient] Executing build 54ab515d-7103-4dd6-9c18-c2d5761e110b in daemon client {pid=216404}
2026-01-04T17:41:40.389+0545 [DEBUG] [org.gradle.cache.internal.DefaultFileLockManager] Waiting to acquire shared lock on daemon addresses registry.
2026-01-04T17:41:40.393+0545 [DEBUG] [org.gradle.cache.internal.DefaultFileLockManager] Lock acquired on daemon addresses registry.
2026-01-04T17:41:40.399+0545 [DEBUG] [org.gradle.cache.internal.DefaultFileLockManager] Releasing lock on daemon addresses registry.
2026-01-04T17:41:40.402+0545 [DEBUG] [org.gradle.internal.remote.internal.inet.TcpOutgoingConnector] Attempting to connect to [dc1609a7-1cf2-4a49-801c-691cb0a3b84b port:37081, addresses:[/127.0.0.1]].
2026-01-04T17:41:40.402+0545 [DEBUG] [org.gradle.internal.remote.internal.inet.TcpOutgoingConnector] Trying to connect to address /127.0.0.1.
2026-01-04T17:41:40.408+0545 [DEBUG] [org.gradle.internal.remote.internal.inet.TcpOutgoingConnector] Connected to address /127.0.0.1:37081.
2026-01-04T17:41:40.421+0545 [DEBUG] [org.gradle.launcher.daemon.client.DaemonClient] Connected to daemon DaemonInfo{pid=208231, address=[dc1609a7-1cf2-4a49-801c-691cb0a3b84b port:37081, addresses:[/127.0.0.1]], state=Idle, lastBusy=1767527241973, context=DefaultDaemonContext[uid=9a71c84c-8bd4-4a0a-9931-dc99366d3b31,javaHome=/usr/lib/jvm/java-17-openjdk,javaVersion=17,javaVendor=Arch Linux,daemonRegistryDir=/home/zen/.gradle/daemon,pid=208231,idleTimeout=10800000,priority=NORMAL,applyInstrumentationAgent=true,nativeServicesMode=ENABLED,daemonOpts=-Xmx2048m,-Dfile.encoding=UTF-8,-Duser.country=US,-Duser.language=en,-Duser.variant]}. Dispatching request Build{id=54ab515d-7103-4dd6-9c18-c2d5761e110b, currentDir=/home/zen/Documents/unfinished_business/clippy-share/android}.
2026-01-04T17:41:40.421+0545 [DEBUG] [org.gradle.launcher.daemon.client.DaemonClientConnection] thread 1: dispatching class org.gradle.launcher.daemon.protocol.Build
2026-01-04T17:41:40.428+0545 [DEBUG] [org.gradle.launcher.daemon.client.DaemonClient] Received result org.gradle.launcher.daemon.protocol.BuildStarted@45815ffc from daemon DaemonInfo{pid=208231, address=[dc1609a7-1cf2-4a49-801c-691cb0a3b84b port:37081, addresses:[/127.0.0.1]], state=Idle, lastBusy=1767527241973, context=DefaultDaemonContext[uid=9a71c84c-8bd4-4a0a-9931-dc99366d3b31,javaHome=/usr/lib/jvm/java-17-openjdk,javaVersion=17,javaVendor=Arch Linux,daemonRegistryDir=/home/zen/.gradle/daemon,pid=208231,idleTimeout=10800000,priority=NORMAL,applyInstrumentationAgent=true,nativeServicesMode=ENABLED,daemonOpts=-Xmx2048m,-Dfile.encoding=UTF-8,-Duser.country=US,-Duser.language=en,-Duser.variant]} (build should be starting).
2026-01-04T17:41:40.429+0545 [INFO] [org.gradle.launcher.daemon.server.exec.LogToClient] The client will now receive all logging from the daemon (pid: 208231). The daemon log file: /home/zen/.gradle/daemon/9.2.0/daemon-208231.out.log
2026-01-04T17:41:40.432+0545 [INFO] [org.gradle.launcher.daemon.server.exec.LogAndCheckHealth] Starting 2nd build in daemon [uptime: 9 mins 18.617 secs, performance: 99%, GC rate: 0.00/s, heap usage: 0% of 2 GiB]
2026-01-04T17:41:40.433+0545 [DEBUG] [org.gradle.launcher.daemon.server.exec.ExecuteBuild] The daemon has started executing the build.
2026-01-04T17:41:40.433+0545 [DEBUG] [org.gradle.launcher.daemon.server.exec.ExecuteBuild] Executing build with daemon context: DefaultDaemonContext[uid=9a71c84c-8bd4-4a0a-9931-dc99366d3b31,javaHome=/usr/lib/jvm/java-17-openjdk,javaVersion=17,javaVendor=Arch Linux,daemonRegistryDir=/home/zen/.gradle/daemon,pid=208231,idleTimeout=10800000,priority=NORMAL,applyInstrumentationAgent=true,nativeServicesMode=ENABLED,daemonOpts=-Xmx2048m,-Dfile.encoding=UTF-8,-Duser.country=US,-Duser.language=en,-Duser.variant]
2026-01-04T17:41:40.440+0545 [INFO] [org.gradle.internal.work.DefaultWorkerLeaseService] Using 8 worker leases.
2026-01-04T17:41:40.441+0545 [DEBUG] [org.gradle.internal.resources.AbstractTrackedResourceLock] Daemon worker Thread 2: acquired lock on worker lease
2026-01-04T17:41:40.441+0545 [DEBUG] [org.gradle.internal.operations.DefaultBuildOperationRunner] Build operation 'Run build' started
2026-01-04T17:41:40.441+0545 [INFO] [org.gradle.internal.buildtree.BuildTreeModelControllerServices] Operational build model parameters: {requiresToolingModels=false, parallelProjectExecution=false, configureOnDemand=false, configurationCache=true, configurationCacheParallelStore=false, configurationCacheParallelLoad=true, isolatedProjects=false, parallelProjectConfiguration=false, intermediateModelCache=false, parallelToolingApiActions=false, invalidateCoupledProjects=false, modelAsProjectDependency=false, resilientModelBuilding=false}
2026-01-04T17:41:40.450+0545 [DEBUG] [org.gradle.cache.internal.DefaultCacheCoordinator] Creating new cache for fileHashes, path /home/zen/Documents/unfinished_business/clippy-share/android/.gradle/9.2.0/fileHashes/fileHashes.bin, access org.gradle.cache.internal.DefaultCacheCoordinator@41bf6de3
2026-01-04T17:41:40.450+0545 [DEBUG] [org.gradle.cache.internal.LockOnDemandCrossProcessCacheAccess] Acquiring file lock for file hash cache (/home/zen/Documents/unfinished_business/clippy-share/android/.gradle/9.2.0/fileHashes)
2026-01-04T17:41:40.451+0545 [DEBUG] [org.gradle.cache.internal.DefaultFileLockManager] Waiting to acquire exclusive lock on file hash cache (/home/zen/Documents/unfinished_business/clippy-share/android/.gradle/9.2.0/fileHashes).
2026-01-04T17:41:40.451+0545 [DEBUG] [org.gradle.cache.internal.DefaultFileLockManager] Lock acquired on file hash cache (/home/zen/Documents/unfinished_business/clippy-share/android/.gradle/9.2.0/fileHashes).
2026-01-04T17:41:40.451+0545 [DEBUG] [org.gradle.cache.internal.DefaultCacheCoordinator] Creating new cache for resourceHashesCache, path /home/zen/Documents/unfinished_business/clippy-share/android/.gradle/9.2.0/fileHashes/resourceHashesCache.bin, access org.gradle.cache.internal.DefaultCacheCoordinator@41bf6de3
2026-01-04T17:41:40.452+0545 [DEBUG] [org.gradle.cache.internal.DefaultCacheCoordinator] Creating new cache for md5-checksums, path /home/zen/Documents/unfinished_business/clippy-share/android/.gradle/9.2.0/checksums/md5-checksums.bin, access org.gradle.cache.internal.DefaultCacheCoordinator@75676611
2026-01-04T17:41:40.452+0545 [DEBUG] [org.gradle.cache.internal.LockOnDemandCrossProcessCacheAccess] Acquiring file lock for checksums cache (/home/zen/Documents/unfinished_business/clippy-share/android/.gradle/9.2.0/checksums)
2026-01-04T17:41:40.453+0545 [DEBUG] [org.gradle.cache.internal.DefaultFileLockManager] Waiting to acquire exclusive lock on checksums cache (/home/zen/Documents/unfinished_business/clippy-share/android/.gradle/9.2.0/checksums).
2026-01-04T17:41:40.453+0545 [DEBUG] [org.gradle.cache.internal.DefaultFileLockManager] Lock acquired on checksums cache (/home/zen/Documents/unfinished_business/clippy-share/android/.gradle/9.2.0/checksums).
2026-01-04T17:41:40.453+0545 [DEBUG] [org.gradle.cache.internal.DefaultCacheCoordinator] Creating new cache for sha1-checksums, path /home/zen/Documents/unfinished_business/clippy-share/android/.gradle/9.2.0/checksums/sha1-checksums.bin, access org.gradle.cache.internal.DefaultCacheCoordinator@75676611
2026-01-04T17:41:40.453+0545 [DEBUG] [org.gradle.cache.internal.DefaultCacheCoordinator] Creating new cache for sha256-checksums, path /home/zen/Documents/unfinished_business/clippy-share/android/.gradle/9.2.0/checksums/sha256-checksums.bin, access org.gradle.cache.internal.DefaultCacheCoordinator@75676611
2026-01-04T17:41:40.453+0545 [DEBUG] [org.gradle.cache.internal.DefaultCacheCoordinator] Creating new cache for sha512-checksums, path /home/zen/Documents/unfinished_business/clippy-share/android/.gradle/9.2.0/checksums/sha512-checksums.bin, access org.gradle.cache.internal.DefaultCacheCoordinator@75676611
2026-01-04T17:41:40.455+0545 [DEBUG] [org.gradle.cache.internal.DefaultCacheCoordinator] Creating new cache for outputFiles, path /home/zen/Documents/unfinished_business/clippy-share/android/.gradle/buildOutputCleanup/outputFiles.bin, access org.gradle.cache.internal.DefaultCacheCoordinator@4192d017
2026-01-04T17:41:40.455+0545 [DEBUG] [org.gradle.cache.internal.LockOnDemandCrossProcessCacheAccess] Acquiring file lock for Build Output Cleanup Cache (/home/zen/Documents/unfinished_business/clippy-share/android/.gradle/buildOutputCleanup)
2026-01-04T17:41:40.456+0545 [DEBUG] [org.gradle.cache.internal.DefaultFileLockManager] Waiting to acquire exclusive lock on Build Output Cleanup Cache (/home/zen/Documents/unfinished_business/clippy-share/android/.gradle/buildOutputCleanup).
2026-01-04T17:41:40.456+0545 [DEBUG] [org.gradle.cache.internal.DefaultFileLockManager] Lock acquired on Build Output Cleanup Cache (/home/zen/Documents/unfinished_business/clippy-share/android/.gradle/buildOutputCleanup).
2026-01-04T17:41:40.458+0545 [DEBUG] [org.gradle.internal.operations.DefaultBuildOperationRunner] Build operation 'Check configuration cache fingerprint' started
2026-01-04T17:41:40.459+0545 [INFO] [org.gradle.internal.encryption.EncryptionService] Encryption key source: default Gradle keystore (pkcs12)
2026-01-04T17:41:40.459+0545 [DEBUG] [org.gradle.cache.internal.DefaultFileLockManager] Waiting to acquire shared lock on Gradle Configuration Cache keystore (/home/zen/.gradle/caches/9.2.0/cc-keystore).
2026-01-04T17:41:40.460+0545 [DEBUG] [org.gradle.cache.internal.DefaultFileLockManager] Lock acquired on Gradle Configuration Cache keystore (/home/zen/.gradle/caches/9.2.0/cc-keystore).
2026-01-04T17:41:40.460+0545 [DEBUG] [org.gradle.internal.encryption.EncryptionService] Loading keystore from /home/zen/.gradle/caches/9.2.0/cc-keystore/gradle.keystore
2026-01-04T17:41:40.503+0545 [DEBUG] [org.gradle.internal.encryption.EncryptionService] Retrieved key
2026-01-04T17:41:40.504+0545 [DEBUG] [org.gradle.cache.internal.DefaultFileLockManager] Releasing lock on Gradle Configuration Cache keystore (/home/zen/.gradle/caches/9.2.0/cc-keystore).
2026-01-04T17:41:40.504+0545 [DEBUG] [org.gradle.cache.internal.LockOnDemandCrossProcessCacheAccess] Acquiring file lock for Configuration Cache (/home/zen/Documents/unfinished_business/clippy-share/android/.gradle/configuration-cache)
2026-01-04T17:41:40.504+0545 [DEBUG] [org.gradle.cache.internal.DefaultFileLockManager] Waiting to acquire exclusive lock on Configuration Cache (/home/zen/Documents/unfinished_business/clippy-share/android/.gradle/configuration-cache).
2026-01-04T17:41:40.504+0545 [DEBUG] [org.gradle.cache.internal.DefaultFileLockManager] Lock acquired on Configuration Cache (/home/zen/Documents/unfinished_business/clippy-share/android/.gradle/configuration-cache).
2026-01-04T17:41:40.511+0545 [INFO] [org.gradle.internal.watch.registry.impl.WatchableHierarchies] Now considering [/home/zen/Documents/unfinished_business/clippy-share/android] as hierarchies to watch
2026-01-04T17:41:40.524+0545 [DEBUG] [org.gradle.internal.watch.registry.impl.NonHierarchicalFileWatcherUpdater] Watching 219 directories to track changes
2026-01-04T17:41:40.525+0545 [DEBUG] [org.gradle.internal.watch.registry.impl.NonHierarchicalFileWatcherUpdater] Watching 219 directories to track changes
2026-01-04T17:41:40.527+0545 [DEBUG] [org.gradle.initialization.properties.DefaultGradlePropertiesLoader] Found env project properties: []
2026-01-04T17:41:40.527+0545 [DEBUG] [org.gradle.initialization.properties.DefaultGradlePropertiesLoader] Found system project properties: []
2026-01-04T17:41:40.528+0545 [DEBUG] [org.gradle.internal.watch.registry.impl.NonHierarchicalFileWatcherUpdater] Watching 219 directories to track changes
2026-01-04T17:41:40.529+0545 [DEBUG] [org.gradle.internal.watch.registry.impl.NonHierarchicalFileWatcherUpdater] Watching 220 directories to track changes
2026-01-04T17:41:40.530+0545 [DEBUG] [org.gradle.internal.watch.registry.impl.NonHierarchicalFileWatcherUpdater] Watching 220 directories to track changes
2026-01-04T17:41:40.531+0545 [DEBUG] [org.gradle.internal.watch.registry.impl.NonHierarchicalFileWatcherUpdater] Watching 220 directories to track changes
2026-01-04T17:41:40.533+0545 [DEBUG] [org.gradle.internal.watch.registry.impl.NonHierarchicalFileWatcherUpdater] Watching 220 directories to track changes
2026-01-04T17:41:40.535+0545 [DEBUG] [org.gradle.internal.watch.registry.impl.NonHierarchicalFileWatcherUpdater] Watching 221 directories to track changes
2026-01-04T17:41:40.536+0545 [DEBUG] [org.gradle.internal.watch.registry.impl.NonHierarchicalFileWatcherUpdater] Watching 221 directories to track changes
2026-01-04T17:41:40.560+0545 [DEBUG] [org.gradle.internal.watch.registry.impl.NonHierarchicalFileWatcherUpdater] Watching 221 directories to track changes
2026-01-04T17:41:40.561+0545 [DEBUG] [org.gradle.internal.watch.registry.impl.NonHierarchicalFileWatcherUpdater] Watching 221 directories to track changes
2026-01-04T17:41:40.561+0545 [DEBUG] [org.gradle.internal.watch.registry.impl.NonHierarchicalFileWatcherUpdater] Watching 221 directories to track changes
2026-01-04T17:41:40.561+0545 [DEBUG] [org.gradle.internal.watch.registry.impl.NonHierarchicalFileWatcherUpdater] Watching 221 directories to track changes
2026-01-04T17:41:40.562+0545 [DEBUG] [org.gradle.internal.operations.DefaultBuildOperationRunner] Completing Build operation 'Check configuration cache fingerprint'
2026-01-04T17:41:40.562+0545 [DEBUG] [org.gradle.internal.operations.DefaultBuildOperationRunner] Build operation 'Check configuration cache fingerprint' completed
2026-01-04T17:41:40.562+0545 [LIFECYCLE] [org.gradle.configurationcache] Reusing configuration cache.
2026-01-04T17:41:40.563+0545 [INFO] [org.gradle.internal.watch.registry.impl.WatchableHierarchies] Now considering [/home/zen/Documents/unfinished_business/clippy-share/android] as hierarchies to watch
2026-01-04T17:41:40.565+0545 [INFO] [org.gradle.tooling.internal.provider.FileSystemWatchingBuildActionRunner] Watching the file system is configured to be enabled if available
2026-01-04T17:41:40.565+0545 [DEBUG] [org.gradle.tooling.internal.provider.FileSystemWatchingBuildActionRunner] Watching the file system computed to be enabled if available
2026-01-04T17:41:40.565+0545 [DEBUG] [org.gradle.internal.operations.DefaultBuildOperationRunner] Build operation 'Build started for file system watching' started
2026-01-04T17:41:40.566+0545 [DEBUG] [org.gradle.internal.watch.vfs.impl.DefaultWatchableFileSystemDetector] Detected proc: /proc from proc (remote: false)
2026-01-04T17:41:40.566+0545 [DEBUG] [org.gradle.internal.watch.vfs.impl.DefaultWatchableFileSystemDetector] Detected sysfs: /sys from sys (remote: false)
2026-01-04T17:41:40.566+0545 [DEBUG] [org.gradle.internal.watch.vfs.impl.DefaultWatchableFileSystemDetector] Detected devtmpfs: /dev from dev (remote: false)
2026-01-04T17:41:40.566+0545 [DEBUG] [org.gradle.internal.watch.vfs.impl.DefaultWatchableFileSystemDetector] Detected tmpfs: /run from run (remote: false)
2026-01-04T17:41:40.566+0545 [DEBUG] [org.gradle.internal.watch.vfs.impl.DefaultWatchableFileSystemDetector] Detected efivarfs: /sys/firmware/efi/efivars from efivarfs (remote: false)
2026-01-04T17:41:40.566+0545 [DEBUG] [org.gradle.internal.watch.vfs.impl.DefaultWatchableFileSystemDetector] Detected ext4: / from /dev/sda2 (remote: false)
2026-01-04T17:41:40.566+0545 [DEBUG] [org.gradle.internal.watch.vfs.impl.DefaultWatchableFileSystemDetector] Detected securityfs: /sys/kernel/security from securityfs (remote: false)
2026-01-04T17:41:40.567+0545 [DEBUG] [org.gradle.internal.watch.vfs.impl.DefaultWatchableFileSystemDetector] Detected tmpfs: /dev/shm from tmpfs (remote: false)
2026-01-04T17:41:40.567+0545 [DEBUG] [org.gradle.internal.watch.vfs.impl.DefaultWatchableFileSystemDetector] Detected devpts: /dev/pts from devpts (remote: false)
2026-01-04T17:41:40.567+0545 [DEBUG] [org.gradle.internal.watch.vfs.impl.DefaultWatchableFileSystemDetector] Detected cgroup2: /sys/fs/cgroup from cgroup2 (remote: false)
2026-01-04T17:41:40.567+0545 [DEBUG] [org.gradle.internal.watch.vfs.impl.DefaultWatchableFileSystemDetector] Detected pstore: /sys/fs/pstore from none (remote: false)
2026-01-04T17:41:40.567+0545 [DEBUG] [org.gradle.internal.watch.vfs.impl.DefaultWatchableFileSystemDetector] Detected bpf: /sys/fs/bpf from bpf (remote: false)
2026-01-04T17:41:40.567+0545 [DEBUG] [org.gradle.internal.watch.vfs.impl.DefaultWatchableFileSystemDetector] Detected autofs: /proc/sys/fs/binfmt_misc from systemd-1 (remote: false)
2026-01-04T17:41:40.567+0545 [DEBUG] [org.gradle.internal.watch.vfs.impl.DefaultWatchableFileSystemDetector] Detected tmpfs: /run/credentials/systemd-journald.service from none (remote: false)
2026-01-04T17:41:40.567+0545 [DEBUG] [org.gradle.internal.watch.vfs.impl.DefaultWatchableFileSystemDetector] Detected hugetlbfs: /dev/hugepages from hugetlbfs (remote: false)
2026-01-04T17:41:40.567+0545 [DEBUG] [org.gradle.internal.watch.vfs.impl.DefaultWatchableFileSystemDetector] Detected mqueue: /dev/mqueue from mqueue (remote: false)
2026-01-04T17:41:40.567+0545 [DEBUG] [org.gradle.internal.watch.vfs.impl.DefaultWatchableFileSystemDetector] Detected tracefs: /sys/kernel/tracing from tracefs (remote: false)
2026-01-04T17:41:40.567+0545 [DEBUG] [org.gradle.internal.watch.vfs.impl.DefaultWatchableFileSystemDetector] Detected configfs: /sys/kernel/config from configfs (remote: false)
2026-01-04T17:41:40.567+0545 [DEBUG] [org.gradle.internal.watch.vfs.impl.DefaultWatchableFileSystemDetector] Detected debugfs: /sys/kernel/debug from debugfs (remote: false)
2026-01-04T17:41:40.567+0545 [DEBUG] [org.gradle.internal.watch.vfs.impl.DefaultWatchableFileSystemDetector] Detected fusectl: /sys/fs/fuse/connections from fusectl (remote: false)
2026-01-04T17:41:40.568+0545 [DEBUG] [org.gradle.internal.watch.vfs.impl.DefaultWatchableFileSystemDetector] Detected tmpfs: /tmp from tmpfs (remote: false)
2026-01-04T17:41:40.568+0545 [DEBUG] [org.gradle.internal.watch.vfs.impl.DefaultWatchableFileSystemDetector] Detected vfat: /boot from /dev/sda1 (remote: false)
2026-01-04T17:41:40.568+0545 [DEBUG] [org.gradle.internal.watch.vfs.impl.DefaultWatchableFileSystemDetector] Detected binfmt_misc: /proc/sys/fs/binfmt_misc from binfmt_misc (remote: false)
2026-01-04T17:41:40.568+0545 [DEBUG] [org.gradle.internal.watch.vfs.impl.DefaultWatchableFileSystemDetector] Detected tmpfs: /run/user/1000 from tmpfs (remote: false)
2026-01-04T17:41:40.568+0545 [DEBUG] [org.gradle.internal.watch.vfs.impl.DefaultWatchableFileSystemDetector] Detected fuse.portal: /run/user/1000/doc from portal (remote: false)
2026-01-04T17:41:40.568+0545 [DEBUG] [org.gradle.internal.watch.vfs.impl.DefaultWatchableFileSystemDetector] Detected fuse.gvfsd-fuse: /run/user/1000/gvfs from gvfsd-fuse (remote: false)
2026-01-04T17:41:40.574+0545 [DEBUG] [org.gradle.internal.operations.DefaultBuildOperationRunner] Completing Build operation 'Build started for file system watching'
2026-01-04T17:41:40.574+0545 [DEBUG] [org.gradle.internal.operations.DefaultBuildOperationRunner] Build operation 'Build started for file system watching' completed
2026-01-04T17:41:40.574+0545 [INFO] [org.gradle.tooling.internal.provider.FileSystemWatchingBuildActionRunner] File system watching is active
2026-01-04T17:41:40.575+0545 [DEBUG] [org.gradle.internal.operations.DefaultBuildOperationRunner] Build operation 'Load configuration cache state' started
2026-01-04T17:41:40.579+0545 [DEBUG] [org.gradle.cache.internal.DefaultCacheCoordinator] Creating new cache for workingDirs, path /home/zen/Documents/unfinished_business/clippy-share/android/.gradle/9.2.0/vcsMetadata/workingDirs.bin, access org.gradle.cache.internal.DefaultCacheCoordinator@4165ef98
2026-01-04T17:41:40.580+0545 [DEBUG] [org.gradle.internal.locking.LockFileReaderWriter] Lockfiles root: /home/zen/Documents/unfinished_business/clippy-share/android/gradle/dependency-locks
2026-01-04T17:41:40.581+0545 [DEBUG] [org.gradle.api.internal.artifacts.mvnsettings.DefaultLocalMavenRepositoryLocator] No local repository in Settings file defined. Using default path: /home/zen/.m2/repository
2026-01-04T17:41:40.586+0545 [DEBUG] [org.gradle.cache.internal.DefaultCacheCoordinator] Creating new cache for md-supplier, path /home/zen/.gradle/caches/9.2.0/md-supplier/md-supplier.bin, access org.gradle.cache.internal.DefaultCacheCoordinator@1c7e4dc0
2026-01-04T17:41:40.587+0545 [DEBUG] [org.gradle.cache.internal.LockOnDemandCrossProcessCacheAccess] Acquiring file lock for cache directory md-supplier (/home/zen/.gradle/caches/9.2.0/md-supplier)
2026-01-04T17:41:40.587+0545 [DEBUG] [org.gradle.cache.internal.DefaultFileLockManager] Waiting to acquire exclusive lock on cache directory md-supplier (/home/zen/.gradle/caches/9.2.0/md-supplier).
2026-01-04T17:41:40.588+0545 [DEBUG] [org.gradle.cache.internal.DefaultFileLockManager] Lock acquired on cache directory md-supplier (/home/zen/.gradle/caches/9.2.0/md-supplier).
2026-01-04T17:41:40.588+0545 [DEBUG] [org.gradle.cache.internal.DefaultCacheCoordinator] Creating new cache for md-rule, path /home/zen/.gradle/caches/9.2.0/md-rule/md-rule.bin, access org.gradle.cache.internal.DefaultCacheCoordinator@62a9b3a9
2026-01-04T17:41:40.589+0545 [DEBUG] [org.gradle.cache.internal.LockOnDemandCrossProcessCacheAccess] Acquiring file lock for cache directory md-rule (/home/zen/.gradle/caches/9.2.0/md-rule)
2026-01-04T17:41:40.589+0545 [DEBUG] [org.gradle.cache.internal.DefaultFileLockManager] Waiting to acquire exclusive lock on cache directory md-rule (/home/zen/.gradle/caches/9.2.0/md-rule).
2026-01-04T17:41:40.589+0545 [DEBUG] [org.gradle.cache.internal.DefaultFileLockManager] Lock acquired on cache directory md-rule (/home/zen/.gradle/caches/9.2.0/md-rule).
2026-01-04T17:41:40.592+0545 [DEBUG] [org.gradle.caching.configuration.internal.DefaultBuildCacheConfiguration] Found class org.gradle.caching.local.internal.DirectoryBuildCacheServiceFactory registered for class org.gradle.caching.local.DirectoryBuildCache
2026-01-04T17:41:40.593+0545 [DEBUG] [org.gradle.internal.operations.DefaultBuildOperationRunner] Build operation 'Finalize build cache configuration' started
2026-01-04T17:41:40.593+0545 [DEBUG] [org.gradle.internal.operations.DefaultBuildOperationRunner] Completing Build operation 'Finalize build cache configuration'
2026-01-04T17:41:40.593+0545 [DEBUG] [org.gradle.internal.operations.DefaultBuildOperationRunner] Build operation 'Finalize build cache configuration' completed
2026-01-04T17:41:40.610+0545 [DEBUG] [org.gradle.configurationcache] reading task graph in parallel
2026-01-04T17:41:40.611+0545 [DEBUG] [org.gradle.internal.operations.DefaultBuildOperationRunner] Build operation 'Loading configuration for :app' started
2026-01-04T17:41:40.612+0545 [DEBUG] [org.gradle.internal.operations.DefaultBuildOperationRunner] Build operation 'Realize task :app:preBuild' started
2026-01-04T17:41:40.613+0545 [DEBUG] [org.gradle.model.internal.registry.DefaultModelRegistry] Project :app - Transitioning model element '<root>' from state Registered to Created
2026-01-04T17:41:40.613+0545 [DEBUG] [org.gradle.internal.resources.AbstractTrackedResourceLock] Daemon worker Thread 2: acquired lock on state of build :
2026-01-04T17:41:40.613+0545 [DEBUG] [org.gradle.model.internal.registry.DefaultModelRegistry] Project :app - Transitioning model element '<root>' to state Discovered.
2026-01-04T17:41:40.614+0545 [DEBUG] [org.gradle.model.internal.registry.DefaultModelRegistry] Project :app - Transitioning model element '<root>' to state Created.
2026-01-04T17:41:40.614+0545 [DEBUG] [org.gradle.internal.resources.AbstractTrackedResourceLock] Daemon worker Thread 2: released lock on state of build :
2026-01-04T17:41:40.614+0545 [DEBUG] [org.gradle.internal.operations.DefaultBuildOperationRunner] Completing Build operation 'Realize task :app:preBuild'
2026-01-04T17:41:40.614+0545 [DEBUG] [org.gradle.internal.operations.DefaultBuildOperationRunner] Build operation 'Realize task :app:preBuild' completed
2026-01-04T17:41:40.619+0545 [DEBUG] [org.gradle.internal.operations.DefaultBuildOperationRunner] Build operation 'Realize task :app:preDebugBuild' started
2026-01-04T17:41:40.619+0545 [DEBUG] [org.gradle.internal.operations.DefaultBuildOperationRunner] Completing Build operation 'Realize task :app:preDebugBuild'
2026-01-04T17:41:40.619+0545 [DEBUG] [org.gradle.internal.operations.DefaultBuildOperationRunner] Build operation 'Realize task :app:preDebugBuild' completed
2026-01-04T17:41:40.621+0545 [DEBUG] [org.gradle.internal.operations.DefaultBuildOperationRunner] Build operation 'Realize task :app:mergeDebugNativeDebugMetadata' started
2026-01-04T17:41:40.621+0545 [DEBUG] [org.gradle.internal.operations.DefaultBuildOperationRunner] Completing Build operation 'Realize task :app:mergeDebugNativeDebugMetadata'
2026-01-04T17:41:40.621+0545 [DEBUG] [org.gradle.internal.operations.DefaultBuildOperationRunner] Build operation 'Realize task :app:mergeDebugNativeDebugMetadata' completed
2026-01-04T17:41:40.624+0545 [DEBUG] [org.gradle.internal.operations.DefaultBuildOperationRunner] Build operation 'Realize task :app:checkKotlinGradlePluginConfigurationErrors' started
2026-01-04T17:41:40.625+0545 [DEBUG] [org.gradle.internal.operations.DefaultBuildOperationRunner] Completing Build operation 'Realize task :app:checkKotlinGradlePluginConfigurationErrors'
2026-01-04T17:41:40.625+0545 [DEBUG] [org.gradle.internal.operations.DefaultBuildOperationRunner] Build operation 'Realize task :app:checkKotlinGradlePluginConfigurationErrors' completed
2026-01-04T17:41:40.627+0545 [DEBUG] [org.gradle.internal.operations.DefaultBuildOperationRunner] Build operation 'Realize task :app:dataBindingMergeDependencyArtifactsDebug' started
2026-01-04T17:41:40.627+0545 [DEBUG] [org.gradle.internal.operations.DefaultBuildOperationRunner] Completing Build operation 'Realize task :app:dataBindingMergeDependencyArtifactsDebug'
2026-01-04T17:41:40.627+0545 [DEBUG] [org.gradle.internal.operations.DefaultBuildOperationRunner] Build operation 'Realize task :app:dataBindingMergeDependencyArtifactsDebug' completed
2026-01-04T17:41:40.637+0545 [DEBUG] [org.gradle.internal.operations.DefaultBuildOperationRunner] Build operation 'Realize task :app:generateDebugResValues' started
2026-01-04T17:41:40.638+0545 [DEBUG] [org.gradle.internal.operations.DefaultBuildOperationRunner] Completing Build operation 'Realize task :app:generateDebugResValues'
2026-01-04T17:41:40.638+0545 [DEBUG] [org.gradle.internal.operations.DefaultBuildOperationRunner] Build operation 'Realize task :app:generateDebugResValues' completed
2026-01-04T17:41:40.640+0545 [DEBUG] [org.gradle.internal.operations.DefaultBuildOperationRunner] Build operation 'Realize task :app:generateDebugResources' started
2026-01-04T17:41:40.640+0545 [DEBUG] [org.gradle.internal.operations.DefaultBuildOperationRunner] Completing Build operation 'Realize task :app:generateDebugResources'
2026-01-04T17:41:40.641+0545 [DEBUG] [org.gradle.internal.operations.DefaultBuildOperationRunner] Build operation 'Realize task :app:generateDebugResources' completed
2026-01-04T17:41:40.643+0545 [DEBUG] [org.gradle.internal.operations.DefaultBuildOperationRunner] Build operation 'Realize task :app:mergeDebugResources' started
2026-01-04T17:41:40.644+0545 [DEBUG] [org.gradle.internal.operations.DefaultBuildOperationRunner] Completing Build operation 'Realize task :app:mergeDebugResources'
2026-01-04T17:41:40.644+0545 [DEBUG] [org.gradle.internal.operations.DefaultBuildOperationRunner] Build operation 'Realize task :app:mergeDebugResources' completed
2026-01-04T17:41:40.657+0545 [DEBUG] [org.gradle.internal.operations.DefaultBuildOperationRunner] Build operation 'Realize task :app:packageDebugResources' started
2026-01-04T17:41:40.658+0545 [DEBUG] [org.gradle.internal.operations.DefaultBuildOperationRunner] Completing Build operation 'Realize task :app:packageDebugResources'
2026-01-04T17:41:40.658+0545 [DEBUG] [org.gradle.internal.operations.DefaultBuildOperationRunner] Build operation 'Realize task :app:packageDebugResources' completed
2026-01-04T17:41:40.661+0545 [DEBUG] [org.gradle.internal.operations.DefaultBuildOperationRunner] Build operation 'Realize task :app:parseDebugLocalResources' started
2026-01-04T17:41:40.662+0545 [DEBUG] [org.gradle.internal.operations.DefaultBuildOperationRunner] Completing Build operation 'Realize task :app:parseDebugLocalResources'
2026-01-04T17:41:40.662+0545 [DEBUG] [org.gradle.internal.operations.DefaultBuildOperationRunner] Build operation 'Realize task :app:parseDebugLocalResources' completed
2026-01-04T17:41:40.669+0545 [DEBUG] [org.gradle.internal.operations.DefaultBuildOperationRunner] Build operation 'Realize task :app:dataBindingGenBaseClassesDebug' started
2026-01-04T17:41:40.670+0545 [DEBUG] [org.gradle.internal.operations.DefaultBuildOperationRunner] Completing Build operation 'Realize task :app:dataBindingGenBaseClassesDebug'
2026-01-04T17:41:40.670+0545 [DEBUG] [org.gradle.internal.operations.DefaultBuildOperationRunner] Build operation 'Realize task :app:dataBindingGenBaseClassesDebug' completed
2026-01-04T17:41:40.684+0545 [DEBUG] [org.gradle.internal.operations.DefaultBuildOperationRunner] Build operation 'Realize task :app:checkDebugAarMetadata' started
2026-01-04T17:41:40.685+0545 [DEBUG] [org.gradle.internal.operations.DefaultBuildOperationRunner] Completing Build operation 'Realize task :app:checkDebugAarMetadata'
2026-01-04T17:41:40.685+0545 [DEBUG] [org.gradle.internal.operations.DefaultBuildOperationRunner] Build operation 'Realize task :app:checkDebugAarMetadata' completed
2026-01-04T17:41:40.692+0545 [DEBUG] [org.gradle.internal.operations.DefaultBuildOperationRunner] Build operation 'Realize task :app:mapDebugSourceSetPaths' started
2026-01-04T17:41:40.693+0545 [DEBUG] [org.gradle.internal.operations.DefaultBuildOperationRunner] Completing Build operation 'Realize task :app:mapDebugSourceSetPaths'
2026-01-04T17:41:40.693+0545 [DEBUG] [org.gradle.internal.operations.DefaultBuildOperationRunner] Build operation 'Realize task :app:mapDebugSourceSetPaths' completed
2026-01-04T17:41:40.696+0545 [DEBUG] [org.gradle.internal.operations.DefaultBuildOperationRunner] Build operation 'Realize task :app:createDebugCompatibleScreenManifests' started
2026-01-04T17:41:40.696+0545 [DEBUG] [org.gradle.internal.operations.DefaultBuildOperationRunner] Completing Build operation 'Realize task :app:createDebugCompatibleScreenManifests'
2026-01-04T17:41:40.696+0545 [DEBUG] [org.gradle.internal.operations.DefaultBuildOperationRunner] Build operation 'Realize task :app:createDebugCompatibleScreenManifests' completed
2026-01-04T17:41:40.699+0545 [DEBUG] [org.gradle.internal.operations.DefaultBuildOperationRunner] Build operation 'Realize task :app:extractDeepLinksDebug' started
2026-01-04T17:41:40.700+0545 [DEBUG] [org.gradle.internal.operations.DefaultBuildOperationRunner] Completing Build operation 'Realize task :app:extractDeepLinksDebug'
2026-01-04T17:41:40.701+0545 [DEBUG] [org.gradle.internal.operations.DefaultBuildOperationRunner] Build operation 'Realize task :app:extractDeepLinksDebug' completed
2026-01-04T17:41:40.702+0545 [DEBUG] [org.gradle.internal.operations.DefaultBuildOperationRunner] Build operation 'Realize task :app:processDebugMainManifest' started
2026-01-04T17:41:40.703+0545 [DEBUG] [org.gradle.internal.operations.DefaultBuildOperationRunner] Completing Build operation 'Realize task :app:processDebugMainManifest'
2026-01-04T17:41:40.703+0545 [DEBUG] [org.gradle.internal.operations.DefaultBuildOperationRunner] Build operation 'Realize task :app:processDebugMainManifest' completed
2026-01-04T17:41:40.715+0545 [DEBUG] [org.gradle.internal.operations.DefaultBuildOperationRunner] Build operation 'Realize task :app:processDebugManifest' started
2026-01-04T17:41:40.716+0545 [DEBUG] [org.gradle.internal.operations.DefaultBuildOperationRunner] Completing Build operation 'Realize task :app:processDebugManifest'
2026-01-04T17:41:40.716+0545 [DEBUG] [org.gradle.internal.operations.DefaultBuildOperationRunner] Build operation 'Realize task :app:processDebugManifest' completed
2026-01-04T17:41:40.718+0545 [DEBUG] [org.gradle.internal.operations.DefaultBuildOperationRunner] Build operation 'Realize task :app:processDebugManifestForPackage' started
2026-01-04T17:41:40.719+0545 [DEBUG] [org.gradle.internal.operations.DefaultBuildOperationRunner] Completing Build operation 'Realize task :app:processDebugManifestForPackage'
2026-01-04T17:41:40.719+0545 [DEBUG] [org.gradle.internal.operations.DefaultBuildOperationRunner] Build operation 'Realize task :app:processDebugManifestForPackage' completed
2026-01-04T17:41:40.721+0545 [DEBUG] [org.gradle.internal.operations.DefaultBuildOperationRunner] Build operation 'Realize task :app:processDebugResources' started
2026-01-04T17:41:40.722+0545 [DEBUG] [org.gradle.internal.operations.DefaultBuildOperationRunner] Completing Build operation 'Realize task :app:processDebugResources'
2026-01-04T17:41:40.722+0545 [DEBUG] [org.gradle.internal.operations.DefaultBuildOperationRunner] Build operation 'Realize task :app:processDebugResources' completed
2026-01-04T17:41:40.733+0545 [DEBUG] [org.gradle.internal.operations.DefaultBuildOperationRunner] Build operation 'Realize task :app:compileDebugKotlin' started
2026-01-04T17:41:40.734+0545 [DEBUG] [org.gradle.internal.operations.DefaultBuildOperationRunner] Completing Build operation 'Realize task :app:compileDebugKotlin'
2026-01-04T17:41:40.734+0545 [DEBUG] [org.gradle.internal.operations.DefaultBuildOperationRunner] Build operation 'Realize task :app:compileDebugKotlin' completed
2026-01-04T17:41:40.759+0545 [DEBUG] [org.gradle.internal.operations.DefaultBuildOperationRunner] Build operation 'Realize task :app:javaPreCompileDebug' started
2026-01-04T17:41:40.760+0545 [DEBUG] [org.gradle.internal.operations.DefaultBuildOperationRunner] Completing Build operation 'Realize task :app:javaPreCompileDebug'
2026-01-04T17:41:40.760+0545 [DEBUG] [org.gradle.internal.operations.DefaultBuildOperationRunner] Build operation 'Realize task :app:javaPreCompileDebug' completed
2026-01-04T17:41:40.760+0545 [DEBUG] [org.gradle.internal.operations.DefaultBuildOperationRunner] Build operation 'Realize task :app:compileDebugJavaWithJavac' started
2026-01-04T17:41:40.761+0545 [DEBUG] [org.gradle.internal.operations.DefaultBuildOperationRunner] Completing Build operation 'Realize task :app:compileDebugJavaWithJavac'
2026-01-04T17:41:40.761+0545 [DEBUG] [org.gradle.internal.operations.DefaultBuildOperationRunner] Build operation 'Realize task :app:compileDebugJavaWithJavac' completed
2026-01-04T17:41:40.769+0545 [DEBUG] [org.gradle.internal.operations.DefaultBuildOperationRunner] Build operation 'Realize task :app:mergeDebugShaders' started
2026-01-04T17:41:40.770+0545 [DEBUG] [org.gradle.internal.operations.DefaultBuildOperationRunner] Completing Build operation 'Realize task :app:mergeDebugShaders'
2026-01-04T17:41:40.770+0545 [DEBUG] [org.gradle.internal.operations.DefaultBuildOperationRunner] Build operation 'Realize task :app:mergeDebugShaders' completed
2026-01-04T17:41:40.775+0545 [DEBUG] [org.gradle.internal.operations.DefaultBuildOperationRunner] Build operation 'Realize task :app:compileDebugShaders' started
2026-01-04T17:41:40.775+0545 [DEBUG] [org.gradle.internal.operations.DefaultBuildOperationRunner] Completing Build operation 'Realize task :app:compileDebugShaders'
2026-01-04T17:41:40.775+0545 [DEBUG] [org.gradle.internal.operations.DefaultBuildOperationRunner] Build operation 'Realize task :app:compileDebugShaders' completed
2026-01-04T17:41:40.777+0545 [DEBUG] [org.gradle.internal.operations.DefaultBuildOperationRunner] Build operation 'Realize task :app:generateDebugAssets' started
2026-01-04T17:41:40.777+0545 [DEBUG] [org.gradle.internal.operations.DefaultBuildOperationRunner] Completing Build operation 'Realize task :app:generateDebugAssets'
2026-01-04T17:41:40.777+0545 [DEBUG] [org.gradle.internal.operations.DefaultBuildOperationRunner] Build operation 'Realize task :app:generateDebugAssets' completed
2026-01-04T17:41:40.778+0545 [DEBUG] [org.gradle.internal.operations.DefaultBuildOperationRunner] Build operation 'Realize task :app:mergeDebugAssets' started
2026-01-04T17:41:40.778+0545 [DEBUG] [org.gradle.internal.operations.DefaultBuildOperationRunner] Completing Build operation 'Realize task :app:mergeDebugAssets'
2026-01-04T17:41:40.778+0545 [DEBUG] [org.gradle.internal.operations.DefaultBuildOperationRunner] Build operation 'Realize task :app:mergeDebugAssets' completed
2026-01-04T17:41:40.782+0545 [DEBUG] [org.gradle.internal.operations.DefaultBuildOperationRunner] Build operation 'Realize task :app:compressDebugAssets' started
2026-01-04T17:41:40.782+0545 [DEBUG] [org.gradle.internal.operations.DefaultBuildOperationRunner] Completing Build operation 'Realize task :app:compressDebugAssets'
2026-01-04T17:41:40.782+0545 [DEBUG] [org.gradle.internal.operations.DefaultBuildOperationRunner] Build operation 'Realize task :app:compressDebugAssets' completed
2026-01-04T17:41:40.783+0545 [DEBUG] [org.gradle.internal.operations.DefaultBuildOperationRunner] Build operation 'Realize task :app:desugarDebugFileDependencies' started
2026-01-04T17:41:40.784+0545 [DEBUG] [org.gradle.internal.operations.DefaultBuildOperationRunner] Completing Build operation 'Realize task :app:desugarDebugFileDependencies'
2026-01-04T17:41:40.784+0545 [DEBUG] [org.gradle.internal.operations.DefaultBuildOperationRunner] Build operation 'Realize task :app:desugarDebugFileDependencies' completed
2026-01-04T17:41:40.785+0545 [DEBUG] [org.gradle.internal.operations.DefaultBuildOperationRunner] Build operation 'Realize task :app:dexBuilderDebug' started
2026-01-04T17:41:40.786+0545 [DEBUG] [org.gradle.internal.operations.DefaultBuildOperationRunner] Completing Build operation 'Realize task :app:dexBuilderDebug'
2026-01-04T17:41:40.786+0545 [DEBUG] [org.gradle.internal.operations.DefaultBuildOperationRunner] Build operation 'Realize task :app:dexBuilderDebug' completed
2026-01-04T17:41:40.790+0545 [DEBUG] [org.gradle.internal.operations.DefaultBuildOperationRunner] Build operation 'Realize task :app:mergeDebugGlobalSynthetics' started
2026-01-04T17:41:40.791+0545 [DEBUG] [org.gradle.internal.operations.DefaultBuildOperationRunner] Completing Build operation 'Realize task :app:mergeDebugGlobalSynthetics'
2026-01-04T17:41:40.792+0545 [DEBUG] [org.gradle.internal.operations.DefaultBuildOperationRunner] Build operation 'Realize task :app:mergeDebugGlobalSynthetics' completed
2026-01-04T17:41:40.804+0545 [DEBUG] [org.gradle.internal.operations.DefaultBuildOperationRunner] Build operation 'Realize task :app:processDebugJavaRes' started
2026-01-04T17:41:40.805+0545 [DEBUG] [org.gradle.internal.operations.DefaultBuildOperationRunner] Completing Build operation 'Realize task :app:processDebugJavaRes'
2026-01-04T17:41:40.805+0545 [DEBUG] [org.gradle.internal.operations.DefaultBuildOperationRunner] Build operation 'Realize task :app:processDebugJavaRes' completed
2026-01-04T17:41:40.810+0545 [DEBUG] [org.gradle.internal.operations.DefaultBuildOperationRunner] Build operation 'Realize task :app:mergeDebugJavaResource' started
2026-01-04T17:41:40.811+0545 [DEBUG] [org.gradle.internal.operations.DefaultBuildOperationRunner] Completing Build operation 'Realize task :app:mergeDebugJavaResource'
2026-01-04T17:41:40.811+0545 [DEBUG] [org.gradle.internal.operations.DefaultBuildOperationRunner] Build operation 'Realize task :app:mergeDebugJavaResource' completed
2026-01-04T17:41:40.819+0545 [DEBUG] [org.gradle.internal.operations.DefaultBuildOperationRunner] Build operation 'Realize task :app:checkDebugDuplicateClasses' started
2026-01-04T17:41:40.819+0545 [DEBUG] [org.gradle.internal.operations.DefaultBuildOperationRunner] Completing Build operation 'Realize task :app:checkDebugDuplicateClasses'
2026-01-04T17:41:40.820+0545 [DEBUG] [org.gradle.internal.operations.DefaultBuildOperationRunner] Build operation 'Realize task :app:checkDebugDuplicateClasses' completed
2026-01-04T17:41:40.826+0545 [DEBUG] [org.gradle.internal.operations.DefaultBuildOperationRunner] Build operation 'Realize task :app:mergeDebugStartupProfile' started
2026-01-04T17:41:40.827+0545 [DEBUG] [org.gradle.internal.operations.DefaultBuildOperationRunner] Completing Build operation 'Realize task :app:mergeDebugStartupProfile'
2026-01-04T17:41:40.827+0545 [DEBUG] [org.gradle.internal.operations.DefaultBuildOperationRunner] Build operation 'Realize task :app:mergeDebugStartupProfile' completed
2026-01-04T17:41:40.828+0545 [DEBUG] [org.gradle.internal.operations.DefaultBuildOperationRunner] Build operation 'Realize task :app:mergeExtDexDebug' started
2026-01-04T17:41:40.828+0545 [DEBUG] [org.gradle.internal.operations.DefaultBuildOperationRunner] Completing Build operation 'Realize task :app:mergeExtDexDebug'
2026-01-04T17:41:40.829+0545 [DEBUG] [org.gradle.internal.operations.DefaultBuildOperationRunner] Build operation 'Realize task :app:mergeExtDexDebug' completed
2026-01-04T17:41:40.836+0545 [DEBUG] [org.gradle.internal.operations.DefaultBuildOperationRunner] Build operation 'Realize task :app:mergeLibDexDebug' started
2026-01-04T17:41:40.837+0545 [DEBUG] [org.gradle.internal.operations.DefaultBuildOperationRunner] Completing Build operation 'Realize task :app:mergeLibDexDebug'
2026-01-04T17:41:40.837+0545 [DEBUG] [org.gradle.internal.operations.DefaultBuildOperationRunner] Build operation 'Realize task :app:mergeLibDexDebug' completed
2026-01-04T17:41:40.838+0545 [DEBUG] [org.gradle.internal.operations.DefaultBuildOperationRunner] Build operation 'Realize task :app:mergeProjectDexDebug' started
2026-01-04T17:41:40.838+0545 [DEBUG] [org.gradle.internal.operations.DefaultBuildOperationRunner] Completing Build operation 'Realize task :app:mergeProjectDexDebug'
2026-01-04T17:41:40.838+0545 [DEBUG] [org.gradle.internal.operations.DefaultBuildOperationRunner] Build operation 'Realize task :app:mergeProjectDexDebug' completed
2026-01-04T17:41:40.841+0545 [DEBUG] [org.gradle.internal.operations.DefaultBuildOperationRunner] Build operation 'Realize task :app:mergeDebugJniLibFolders' started
2026-01-04T17:41:40.841+0545 [DEBUG] [org.gradle.internal.operations.DefaultBuildOperationRunner] Completing Build operation 'Realize task :app:mergeDebugJniLibFolders'
2026-01-04T17:41:40.842+0545 [DEBUG] [org.gradle.internal.operations.DefaultBuildOperationRunner] Build operation 'Realize task :app:mergeDebugJniLibFolders' completed
2026-01-04T17:41:40.843+0545 [DEBUG] [org.gradle.internal.operations.DefaultBuildOperationRunner] Build operation 'Realize task :app:mergeDebugNativeLibs' started
2026-01-04T17:41:40.844+0545 [DEBUG] [org.gradle.internal.operations.DefaultBuildOperationRunner] Completing Build operation 'Realize task :app:mergeDebugNativeLibs'
2026-01-04T17:41:40.844+0545 [DEBUG] [org.gradle.internal.operations.DefaultBuildOperationRunner] Build operation 'Realize task :app:mergeDebugNativeLibs' completed
2026-01-04T17:41:40.851+0545 [DEBUG] [org.gradle.internal.operations.DefaultBuildOperationRunner] Build operation 'Realize task :app:stripDebugDebugSymbols' started
2026-01-04T17:41:40.852+0545 [DEBUG] [org.gradle.internal.operations.DefaultBuildOperationRunner] Completing Build operation 'Realize task :app:stripDebugDebugSymbols'
2026-01-04T17:41:40.852+0545 [DEBUG] [org.gradle.internal.operations.DefaultBuildOperationRunner] Build operation 'Realize task :app:stripDebugDebugSymbols' completed
2026-01-04T17:41:40.853+0545 [DEBUG] [org.gradle.internal.operations.DefaultBuildOperationRunner] Build operation 'Realize task :app:validateSigningDebug' started
2026-01-04T17:41:40.854+0545 [DEBUG] [org.gradle.internal.operations.DefaultBuildOperationRunner] Completing Build operation 'Realize task :app:validateSigningDebug'
2026-01-04T17:41:40.854+0545 [DEBUG] [org.gradle.internal.operations.DefaultBuildOperationRunner] Build operation 'Realize task :app:validateSigningDebug' completed
2026-01-04T17:41:40.855+0545 [DEBUG] [org.gradle.internal.operations.DefaultBuildOperationRunner] Build operation 'Realize task :app:writeDebugAppMetadata' started
2026-01-04T17:41:40.855+0545 [DEBUG] [org.gradle.internal.operations.DefaultBuildOperationRunner] Completing Build operation 'Realize task :app:writeDebugAppMetadata'
2026-01-04T17:41:40.856+0545 [DEBUG] [org.gradle.internal.operations.DefaultBuildOperationRunner] Build operation 'Realize task :app:writeDebugAppMetadata' completed
2026-01-04T17:41:40.857+0545 [DEBUG] [org.gradle.internal.operations.DefaultBuildOperationRunner] Build operation 'Realize task :app:writeDebugSigningConfigVersions' started
2026-01-04T17:41:40.857+0545 [DEBUG] [org.gradle.internal.operations.DefaultBuildOperationRunner] Completing Build operation 'Realize task :app:writeDebugSigningConfigVersions'
2026-01-04T17:41:40.857+0545 [DEBUG] [org.gradle.internal.operations.DefaultBuildOperationRunner] Build operation 'Realize task :app:writeDebugSigningConfigVersions' completed
2026-01-04T17:41:40.859+0545 [DEBUG] [org.gradle.internal.operations.DefaultBuildOperationRunner] Build operation 'Realize task :app:packageDebug' started
2026-01-04T17:41:40.859+0545 [DEBUG] [org.gradle.internal.operations.DefaultBuildOperationRunner] Completing Build operation 'Realize task :app:packageDebug'
2026-01-04T17:41:40.859+0545 [DEBUG] [org.gradle.internal.operations.DefaultBuildOperationRunner] Build operation 'Realize task :app:packageDebug' completed
2026-01-04T17:41:40.862+0545 [DEBUG] [org.gradle.internal.operations.DefaultBuildOperationRunner] Build operation 'Realize task :app:createDebugApkListingFileRedirect' started
2026-01-04T17:41:40.862+0545 [DEBUG] [org.gradle.internal.operations.DefaultBuildOperationRunner] Completing Build operation 'Realize task :app:createDebugApkListingFileRedirect'
2026-01-04T17:41:40.862+0545 [DEBUG] [org.gradle.internal.operations.DefaultBuildOperationRunner] Build operation 'Realize task :app:createDebugApkListingFileRedirect' completed
2026-01-04T17:41:40.863+0545 [DEBUG] [org.gradle.internal.operations.DefaultBuildOperationRunner] Build operation 'Realize task :app:assembleDebug' started
2026-01-04T17:41:40.864+0545 [DEBUG] [org.gradle.internal.operations.DefaultBuildOperationRunner] Completing Build operation 'Realize task :app:assembleDebug'
2026-01-04T17:41:40.865+0545 [DEBUG] [org.gradle.internal.operations.DefaultBuildOperationRunner] Build operation 'Realize task :app:assembleDebug' completed
2026-01-04T17:41:40.866+0545 [DEBUG] [org.gradle.internal.operations.DefaultBuildOperationRunner] Completing Build operation 'Loading configuration for :app'
2026-01-04T17:41:40.866+0545 [DEBUG] [org.gradle.internal.operations.DefaultBuildOperationRunner] Build operation 'Loading configuration for :app' completed
2026-01-04T17:41:40.870+0545 [DEBUG] [org.gradle.internal.operations.DefaultBuildOperationRunner] Build operation 'Calculate build tree task graph' started
2026-01-04T17:41:40.871+0545 [DEBUG] [org.gradle.internal.operations.DefaultBuildOperationRunner] Build operation 'Calculate task graph' started
2026-01-04T17:41:40.874+0545 [DEBUG] [org.gradle.internal.operations.DefaultBuildOperationRunner] Completing Build operation 'Calculate task graph'
2026-01-04T17:41:40.874+0545 [DEBUG] [org.gradle.internal.operations.DefaultBuildOperationRunner] Build operation 'Calculate task graph' completed
2026-01-04T17:41:40.875+0545 [DEBUG] [org.gradle.internal.resources.AbstractTrackedResourceLock] Daemon worker Thread 2: acquired lock on All projects of :
2026-01-04T17:41:40.876+0545 [DEBUG] [org.gradle.internal.operations.DefaultBuildOperationRunner] Build operation 'Notify task graph whenReady listeners' started
2026-01-04T17:41:40.876+0545 [INFO] [org.gradle.internal.buildevents.BuildLogger] Tasks to be executed: [task ':app:preBuild', task ':app:preDebugBuild', task ':app:mergeDebugNativeDebugMetadata', task ':app:checkKotlinGradlePluginConfigurationErrors', task ':app:dataBindingMergeDependencyArtifactsDebug', task ':app:generateDebugResValues', task ':app:generateDebugResources', task ':app:mergeDebugResources', task ':app:packageDebugResources', task ':app:parseDebugLocalResources', task ':app:dataBindingGenBaseClassesDebug', task ':app:checkDebugAarMetadata', task ':app:mapDebugSourceSetPaths', task ':app:createDebugCompatibleScreenManifests', task ':app:extractDeepLinksDebug', task ':app:processDebugMainManifest', task ':app:processDebugManifest', task ':app:processDebugManifestForPackage', task ':app:processDebugResources', task ':app:compileDebugKotlin', task ':app:javaPreCompileDebug', task ':app:compileDebugJavaWithJavac', task ':app:mergeDebugShaders', task ':app:compileDebugShaders', task ':app:generateDebugAssets', task ':app:mergeDebugAssets', task ':app:compressDebugAssets', task ':app:desugarDebugFileDependencies', task ':app:dexBuilderDebug', task ':app:mergeDebugGlobalSynthetics', task ':app:processDebugJavaRes', task ':app:mergeDebugJavaResource', task ':app:checkDebugDuplicateClasses', task ':app:mergeDebugStartupProfile', task ':app:mergeExtDexDebug', task ':app:mergeLibDexDebug', task ':app:mergeProjectDexDebug', task ':app:mergeDebugJniLibFolders', task ':app:mergeDebugNativeLibs', task ':app:stripDebugDebugSymbols', task ':app:validateSigningDebug', task ':app:writeDebugAppMetadata', task ':app:writeDebugSigningConfigVersions', task ':app:packageDebug', task ':app:createDebugApkListingFileRedirect', task ':app:assembleDebug']
2026-01-04T17:41:40.877+0545 [INFO] [org.gradle.internal.buildevents.BuildLogger] Tasks that were excluded: []
2026-01-04T17:41:40.877+0545 [DEBUG] [org.gradle.internal.operations.DefaultBuildOperationRunner] Completing Build operation 'Notify task graph whenReady listeners'
2026-01-04T17:41:40.877+0545 [DEBUG] [org.gradle.internal.operations.DefaultBuildOperationRunner] Build operation 'Notify task graph whenReady listeners' completed
2026-01-04T17:41:40.877+0545 [DEBUG] [org.gradle.internal.resources.AbstractTrackedResourceLock] Daemon worker Thread 2: released lock on All projects of :
2026-01-04T17:41:40.877+0545 [DEBUG] [org.gradle.internal.operations.DefaultBuildOperationRunner] Completing Build operation 'Calculate build tree task graph'
2026-01-04T17:41:40.878+0545 [DEBUG] [org.gradle.internal.operations.DefaultBuildOperationRunner] Build operation 'Calculate build tree task graph' completed
2026-01-04T17:41:40.878+0545 [DEBUG] [org.gradle.internal.operations.DefaultBuildOperationRunner] Completing Build operation 'Load configuration cache state'
2026-01-04T17:41:40.878+0545 [DEBUG] [org.gradle.internal.operations.DefaultBuildOperationRunner] Build operation 'Load configuration cache state' completed
2026-01-04T17:41:40.879+0545 [DEBUG] [org.gradle.internal.operations.DefaultBuildOperationRunner] Build operation 'Run main tasks' started
2026-01-04T17:41:40.879+0545 [DEBUG] [org.gradle.internal.resources.AbstractTrackedResourceLock] included builds: acquired lock on worker lease
2026-01-04T17:41:40.879+0545 [DEBUG] [org.gradle.internal.operations.DefaultBuildOperationRunner] Build operation 'Run tasks' started
2026-01-04T17:41:40.880+0545 [DEBUG] [org.gradle.execution.plan.DefaultPlanExecutor] Using 8 parallel executor threads
2026-01-04T17:41:40.880+0545 [DEBUG] [org.gradle.internal.resources.AbstractTrackedResourceLock] Daemon worker Thread 2: released lock on worker lease
2026-01-04T17:41:40.881+0545 [DEBUG] [org.gradle.internal.resources.AbstractTrackedResourceLock] Execution worker: acquired lock on worker lease
2026-01-04T17:41:40.884+0545 [INFO] [org.gradle.execution.plan.DefaultPlanExecutor] Resolve mutations for :app:preBuild (Thread[Execution worker,5,main]) started.
2026-01-04T17:41:40.884+0545 [DEBUG] [org.gradle.internal.operations.DefaultBuildOperationRunner] Build operation 'Resolve mutations for task :app:preBuild' started
2026-01-04T17:41:40.885+0545 [DEBUG] [org.gradle.internal.resources.AbstractTrackedResourceLock] Execution worker Thread 2: acquired lock on worker lease
2026-01-04T17:41:40.885+0545 [INFO] [org.gradle.execution.plan.DefaultPlanExecutor] Resolve mutations for :app:checkKotlinGradlePluginConfigurationErrors (Thread[Execution worker Thread 2,5,main]) started.
2026-01-04T17:41:40.885+0545 [DEBUG] [org.gradle.internal.operations.DefaultBuildOperationRunner] Build operation 'Resolve mutations for task :app:checkKotlinGradlePluginConfigurationErrors' started
2026-01-04T17:41:40.886+0545 [DEBUG] [org.gradle.internal.operations.DefaultBuildOperationRunner] Completing Build operation 'Resolve mutations for task :app:checkKotlinGradlePluginConfigurationErrors'
2026-01-04T17:41:40.886+0545 [DEBUG] [org.gradle.internal.operations.DefaultBuildOperationRunner] Build operation 'Resolve mutations for task :app:checkKotlinGradlePluginConfigurationErrors' completed
2026-01-04T17:41:40.886+0545 [DEBUG] [org.gradle.execution.plan.DefaultFinalizedExecutionPlan] Node Resolve mutations for :app:checkKotlinGradlePluginConfigurationErrors completed, executed: true
2026-01-04T17:41:40.885+0545 [DEBUG] [org.gradle.internal.operations.DefaultBuildOperationRunner] Completing Build operation 'Resolve mutations for task :app:preBuild'
2026-01-04T17:41:40.886+0545 [DEBUG] [org.gradle.internal.operations.DefaultBuildOperationRunner] Build operation 'Resolve mutations for task :app:preBuild' completed
2026-01-04T17:41:40.887+0545 [DEBUG] [org.gradle.execution.plan.DefaultFinalizedExecutionPlan] Node Resolve mutations for :app:checkKotlinGradlePluginConfigurationErrors finished executing
2026-01-04T17:41:40.887+0545 [DEBUG] [org.gradle.internal.resources.AbstractTrackedResourceLock] Execution worker Thread 3: acquired lock on worker lease
2026-01-04T17:41:40.887+0545 [INFO] [org.gradle.execution.plan.DefaultPlanExecutor] :app:checkKotlinGradlePluginConfigurationErrors (Thread[Execution worker Thread 3,5,main]) started.
2026-01-04T17:41:40.887+0545 [DEBUG] [org.gradle.internal.resources.AbstractTrackedResourceLock] Execution worker Thread 6: acquired lock on worker lease
2026-01-04T17:41:40.887+0545 [DEBUG] [org.gradle.internal.resources.AbstractTrackedResourceLock] Execution worker Thread 6: released lock on worker lease
2026-01-04T17:41:40.887+0545 [DEBUG] [org.gradle.cache.internal.DefaultCacheCoordinator] Creating new cache for executionHistory, path /home/zen/Documents/unfinished_business/clippy-share/android/.gradle/9.2.0/executionHistory/executionHistory.bin, access org.gradle.cache.internal.DefaultCacheCoordinator@2a224f15
2026-01-04T17:41:40.888+0545 [DEBUG] [org.gradle.cache.internal.LockOnDemandCrossProcessCacheAccess] Acquiring file lock for execution history cache (/home/zen/Documents/unfinished_business/clippy-share/android/.gradle/9.2.0/executionHistory)
2026-01-04T17:41:40.888+0545 [DEBUG] [org.gradle.cache.internal.DefaultFileLockManager] Waiting to acquire exclusive lock on execution history cache (/home/zen/Documents/unfinished_business/clippy-share/android/.gradle/9.2.0/executionHistory).
2026-01-04T17:41:40.889+0545 [DEBUG] [org.gradle.cache.internal.DefaultFileLockManager] Lock acquired on execution history cache (/home/zen/Documents/unfinished_business/clippy-share/android/.gradle/9.2.0/executionHistory).
2026-01-04T17:41:40.890+0545 [DEBUG] [org.gradle.execution.plan.DefaultFinalizedExecutionPlan] Node Resolve mutations for :app:preBuild completed, executed: true
2026-01-04T17:41:40.890+0545 [DEBUG] [org.gradle.execution.plan.DefaultFinalizedExecutionPlan] Node Resolve mutations for :app:preBuild finished executing
2026-01-04T17:41:40.890+0545 [INFO] [org.gradle.execution.plan.DefaultPlanExecutor] :app:preBuild (Thread[Execution worker,5,main]) started.
2026-01-04T17:41:40.891+0545 [DEBUG] [org.gradle.internal.resources.AbstractTrackedResourceLock] Execution worker Thread 5: acquired lock on worker lease
2026-01-04T17:41:40.891+0545 [DEBUG] [org.gradle.internal.resources.AbstractTrackedResourceLock] Execution worker Thread 5: released lock on worker lease
2026-01-04T17:41:40.891+0545 [DEBUG] [org.gradle.internal.resources.AbstractTrackedResourceLock] Execution worker Thread 4: acquired lock on worker lease
2026-01-04T17:41:40.892+0545 [DEBUG] [org.gradle.internal.resources.AbstractTrackedResourceLock] Execution worker Thread 4: released lock on worker lease
2026-01-04T17:41:40.892+0545 [DEBUG] [org.gradle.internal.resources.AbstractTrackedResourceLock] Execution worker Thread 7: acquired lock on worker lease
2026-01-04T17:41:40.892+0545 [DEBUG] [org.gradle.internal.resources.AbstractTrackedResourceLock] Execution worker Thread 7: released lock on worker lease
2026-01-04T17:41:40.893+0545 [DEBUG] [org.gradle.internal.operations.DefaultBuildOperationRunner] Build operation 'Task :app:preBuild' started
2026-01-04T17:41:40.893+0545 [DEBUG] [org.gradle.internal.resources.AbstractTrackedResourceLock] Execution worker Thread 2: released lock on worker lease
2026-01-04T17:41:40.893+0545 [DEBUG] [org.gradle.internal.operations.DefaultBuildOperationRunner] Build operation 'Task :app:checkKotlinGradlePluginConfigurationErrors' started
2026-01-04T17:41:40.894+0545 [DEBUG] [org.gradle.internal.resources.AbstractTrackedResourceLock] included builds: released lock on worker lease
2026-01-04T17:41:40.894+0545 [LIFECYCLE] [class org.gradle.internal.buildevents.TaskExecutionLogger] 
2026-01-04T17:41:40.894+0545 [LIFECYCLE] [class org.gradle.internal.buildevents.TaskExecutionLogger] > Task :app:preBuild UP-TO-DATE
2026-01-04T17:41:40.894+0545 [INFO] [org.gradle.api.internal.tasks.execution.SkipTaskWithNoActionsExecuter] Skipping task ':app:preBuild' as it has no actions.
2026-01-04T17:41:40.894+0545 [DEBUG] [org.gradle.internal.operations.DefaultBuildOperationRunner] Completing Build operation 'Task :app:preBuild'
2026-01-04T17:41:40.894+0545 [DEBUG] [org.gradle.internal.operations.DefaultBuildOperationRunner] Build operation 'Task :app:preBuild' completed
2026-01-04T17:41:40.894+0545 [DEBUG] [org.gradle.internal.resources.AbstractTrackedResourceLock] Execution worker Thread 2: acquired lock on worker lease
2026-01-04T17:41:40.894+0545 [LIFECYCLE] [class org.gradle.internal.buildevents.TaskExecutionLogger] 
2026-01-04T17:41:40.894+0545 [LIFECYCLE] [class org.gradle.internal.buildevents.TaskExecutionLogger] > Task :app:checkKotlinGradlePluginConfigurationErrors SKIPPED
2026-01-04T17:41:40.894+0545 [INFO] [org.gradle.api.internal.tasks.execution.SkipOnlyIfTaskExecuter] Skipping task ':app:checkKotlinGradlePluginConfigurationErrors' as task onlyIf 'errorDiagnostics are present' is false.
2026-01-04T17:41:40.895+0545 [DEBUG] [org.gradle.internal.resources.AbstractTrackedResourceLock] Execution worker Thread 2: released lock on worker lease
2026-01-04T17:41:40.895+0545 [DEBUG] [org.gradle.internal.operations.DefaultBuildOperationRunner] Completing Build operation 'Task :app:checkKotlinGradlePluginConfigurationErrors'
2026-01-04T17:41:40.895+0545 [DEBUG] [org.gradle.internal.operations.DefaultBuildOperationRunner] Build operation 'Task :app:checkKotlinGradlePluginConfigurationErrors' completed
2026-01-04T17:41:40.895+0545 [DEBUG] [org.gradle.execution.plan.DefaultFinalizedExecutionPlan] Node :app:preBuild completed, executed: true
2026-01-04T17:41:40.895+0545 [DEBUG] [org.gradle.execution.plan.DefaultFinalizedExecutionPlan] Node :app:preBuild finished executing
2026-01-04T17:41:40.895+0545 [INFO] [org.gradle.execution.plan.DefaultPlanExecutor] Resolve mutations for :app:preDebugBuild (Thread[Execution worker,5,main]) started.
2026-01-04T17:41:40.895+0545 [DEBUG] [org.gradle.internal.operations.DefaultBuildOperationRunner] Build operation 'Resolve mutations for task :app:preDebugBuild' started
2026-01-04T17:41:40.896+0545 [DEBUG] [org.gradle.internal.operations.DefaultBuildOperationRunner] Completing Build operation 'Resolve mutations for task :app:preDebugBuild'
2026-01-04T17:41:40.896+0545 [DEBUG] [org.gradle.internal.operations.DefaultBuildOperationRunner] Build operation 'Resolve mutations for task :app:preDebugBuild' completed
2026-01-04T17:41:40.896+0545 [DEBUG] [org.gradle.execution.plan.DefaultFinalizedExecutionPlan] Node Resolve mutations for :app:preDebugBuild completed, executed: true
2026-01-04T17:41:40.896+0545 [DEBUG] [org.gradle.execution.plan.DefaultFinalizedExecutionPlan] Node Resolve mutations for :app:preDebugBuild finished executing
2026-01-04T17:41:40.896+0545 [INFO] [org.gradle.execution.plan.DefaultPlanExecutor] :app:preDebugBuild (Thread[Execution worker,5,main]) started.
2026-01-04T17:41:40.896+0545 [DEBUG] [org.gradle.internal.resources.AbstractTrackedResourceLock] Execution worker Thread 7: acquired lock on worker lease
2026-01-04T17:41:40.896+0545 [DEBUG] [org.gradle.internal.operations.DefaultBuildOperationRunner] Build operation 'Task :app:preDebugBuild' started
2026-01-04T17:41:40.896+0545 [DEBUG] [org.gradle.internal.resources.AbstractTrackedResourceLock] Execution worker Thread 7: released lock on worker lease
2026-01-04T17:41:40.897+0545 [DEBUG] [org.gradle.internal.resources.AbstractTrackedResourceLock] Execution worker Thread 4: acquired lock on worker lease
2026-01-04T17:41:40.897+0545 [DEBUG] [org.gradle.internal.resources.AbstractTrackedResourceLock] Execution worker Thread 4: released lock on worker lease
2026-01-04T17:41:40.897+0545 [LIFECYCLE] [class org.gradle.internal.buildevents.TaskExecutionLogger] 
2026-01-04T17:41:40.897+0545 [LIFECYCLE] [class org.gradle.internal.buildevents.TaskExecutionLogger] > Task :app:preDebugBuild UP-TO-DATE
2026-01-04T17:41:40.897+0545 [INFO] [org.gradle.api.internal.tasks.execution.SkipTaskWithNoActionsExecuter] Skipping task ':app:preDebugBuild' as it has no actions.
2026-01-04T17:41:40.898+0545 [DEBUG] [org.gradle.internal.operations.DefaultBuildOperationRunner] Completing Build operation 'Task :app:preDebugBuild'
2026-01-04T17:41:40.898+0545 [DEBUG] [org.gradle.internal.operations.DefaultBuildOperationRunner] Build operation 'Task :app:preDebugBuild' completed
2026-01-04T17:41:40.898+0545 [DEBUG] [org.gradle.execution.plan.DefaultFinalizedExecutionPlan] Node :app:preDebugBuild completed, executed: true
2026-01-04T17:41:40.899+0545 [DEBUG] [org.gradle.execution.plan.DefaultFinalizedExecutionPlan] Node :app:preDebugBuild finished executing
2026-01-04T17:41:40.900+0545 [DEBUG] [org.gradle.internal.resources.AbstractTrackedResourceLock] Execution worker Thread 5: acquired lock on worker lease
2026-01-04T17:41:40.900+0545 [DEBUG] [org.gradle.internal.resources.AbstractTrackedResourceLock] Execution worker Thread 6: acquired lock on worker lease
2026-01-04T17:41:40.901+0545 [INFO] [org.gradle.execution.plan.DefaultPlanExecutor] Resolve mutations for :app:dataBindingMergeDependencyArtifactsDebug (Thread[Execution worker Thread 6,5,main]) started.
2026-01-04T17:41:40.901+0545 [DEBUG] [org.gradle.internal.resources.AbstractTrackedResourceLock] Execution worker Thread 4: acquired lock on worker lease
2026-01-04T17:41:40.901+0545 [DEBUG] [org.gradle.internal.resources.AbstractTrackedResourceLock] Execution worker Thread 7: acquired lock on worker lease
2026-01-04T17:41:40.901+0545 [INFO] [org.gradle.execution.plan.DefaultPlanExecutor] Resolve mutations for :app:createDebugCompatibleScreenManifests (Thread[Execution worker Thread 7,5,main]) started.
2026-01-04T17:41:40.901+0545 [DEBUG] [org.gradle.internal.operations.DefaultBuildOperationRunner] Build operation 'Resolve mutations for task :app:createDebugCompatibleScreenManifests' started
2026-01-04T17:41:40.902+0545 [DEBUG] [org.jetbrains.kotlin.gradle.plugin.statistics.BuildFusService$Inject_] [KOTLIN] Initialize BuildFusService$Inject_
2026-01-04T17:41:40.902+0545 [INFO] [org.gradle.execution.plan.DefaultPlanExecutor] Resolve mutations for :app:generateDebugResValues (Thread[Execution worker,5,main]) started.
2026-01-04T17:41:40.902+0545 [DEBUG] [org.gradle.internal.operations.DefaultBuildOperationRunner] Build operation 'Resolve mutations for task :app:generateDebugResValues' started
2026-01-04T17:41:40.903+0545 [DEBUG] [org.gradle.internal.operations.DefaultBuildOperationRunner] Completing Build operation 'Resolve mutations for task :app:generateDebugResValues'
2026-01-04T17:41:40.903+0545 [DEBUG] [org.gradle.internal.operations.DefaultBuildOperationRunner] Build operation 'Resolve mutations for task :app:generateDebugResValues' completed
2026-01-04T17:41:40.903+0545 [DEBUG] [org.gradle.execution.plan.DefaultFinalizedExecutionPlan] Node Resolve mutations for :app:generateDebugResValues completed, executed: true
2026-01-04T17:41:40.903+0545 [DEBUG] [org.gradle.execution.plan.DefaultFinalizedExecutionPlan] Node Resolve mutations for :app:generateDebugResValues finished executing
2026-01-04T17:41:40.903+0545 [INFO] [org.gradle.execution.plan.DefaultPlanExecutor] :app:generateDebugResValues (Thread[Execution worker,5,main]) started.
2026-01-04T17:41:40.903+0545 [DEBUG] [org.gradle.internal.operations.DefaultBuildOperationRunner] Build operation 'Task :app:generateDebugResValues' started
2026-01-04T17:41:40.903+0545 [INFO] [org.gradle.execution.plan.DefaultPlanExecutor] Resolve mutations for :app:mergeDebugNativeDebugMetadata (Thread[Execution worker Thread 5,5,main]) started.
2026-01-04T17:41:40.904+0545 [DEBUG] [org.gradle.internal.operations.DefaultBuildOperationRunner] Build operation 'Resolve mutations for task :app:mergeDebugNativeDebugMetadata' started
2026-01-04T17:41:40.904+0545 [DEBUG] [org.gradle.internal.operations.DefaultBuildOperationRunner] Completing Build operation 'Resolve mutations for task :app:mergeDebugNativeDebugMetadata'
2026-01-04T17:41:40.904+0545 [DEBUG] [org.gradle.internal.operations.DefaultBuildOperationRunner] Build operation 'Resolve mutations for task :app:mergeDebugNativeDebugMetadata' completed
2026-01-04T17:41:40.904+0545 [DEBUG] [org.gradle.execution.plan.DefaultFinalizedExecutionPlan] Node Resolve mutations for :app:mergeDebugNativeDebugMetadata completed, executed: true
2026-01-04T17:41:40.904+0545 [DEBUG] [org.gradle.execution.plan.DefaultFinalizedExecutionPlan] Node Resolve mutations for :app:mergeDebugNativeDebugMetadata finished executing
2026-01-04T17:41:40.905+0545 [INFO] [org.gradle.execution.plan.DefaultPlanExecutor] :app:mergeDebugNativeDebugMetadata (Thread[Execution worker Thread 5,5,main]) started.
2026-01-04T17:41:40.905+0545 [DEBUG] [org.gradle.internal.operations.DefaultBuildOperationRunner] Build operation 'Task :app:mergeDebugNativeDebugMetadata' started
2026-01-04T17:41:40.906+0545 [INFO] [org.gradle.execution.plan.DefaultPlanExecutor] Resolve mutations for :app:checkDebugAarMetadata (Thread[Execution worker Thread 4,5,main]) started.
2026-01-04T17:41:40.906+0545 [DEBUG] [org.gradle.internal.operations.DefaultBuildOperationRunner] Build operation 'Resolve mutations for task :app:checkDebugAarMetadata' started
2026-01-04T17:41:40.902+0545 [DEBUG] [org.gradle.internal.operations.DefaultBuildOperationRunner] Completing Build operation 'Resolve mutations for task :app:createDebugCompatibleScreenManifests'
2026-01-04T17:41:40.907+0545 [DEBUG] [org.gradle.internal.operations.DefaultBuildOperationRunner] Build operation 'Resolve mutations for task :app:createDebugCompatibleScreenManifests' completed
2026-01-04T17:41:40.907+0545 [DEBUG] [org.gradle.internal.resources.AbstractTrackedResourceLock] Execution worker Thread 2: acquired lock on worker lease
2026-01-04T17:41:40.903+0545 [DEBUG] [org.gradle.internal.operations.DefaultBuildOperationRunner] Build operation 'Resolve mutations for task :app:dataBindingMergeDependencyArtifactsDebug' started
2026-01-04T17:41:40.908+0545 [INFO] [org.gradle.execution.plan.DefaultPlanExecutor] Resolve mutations for :app:javaPreCompileDebug (Thread[Execution worker Thread 2,5,main]) started.
2026-01-04T17:41:40.908+0545 [DEBUG] [org.gradle.internal.resources.AbstractTrackedResourceLock] included builds: acquired lock on worker lease
2026-01-04T17:41:40.908+0545 [DEBUG] [org.gradle.internal.operations.DefaultBuildOperationRunner] Build operation 'Resolve mutations for task :app:javaPreCompileDebug' started
2026-01-04T17:41:40.909+0545 [INFO] [org.gradle.execution.plan.DefaultPlanExecutor] Resolve mutations for :app:mergeDebugShaders (Thread[included builds,5,main]) started.
2026-01-04T17:41:40.909+0545 [DEBUG] [org.gradle.internal.operations.DefaultBuildOperationRunner] Build operation 'Resolve mutations for task :app:mergeDebugShaders' started
2026-01-04T17:41:40.910+0545 [DEBUG] [org.gradle.internal.operations.DefaultBuildOperationRunner] Build operation 'Snapshot task inputs for :app:generateDebugResValues' started
2026-01-04T17:41:40.910+0545 [DEBUG] [org.gradle.internal.operations.DefaultBuildOperationRunner] Build operation 'Snapshot inputs and outputs before executing task ':app:generateDebugResValues'' started
2026-01-04T17:41:40.911+0545 [DEBUG] [org.gradle.internal.operations.DefaultBuildOperationRunner] Completing Build operation 'Resolve mutations for task :app:dataBindingMergeDependencyArtifactsDebug'
2026-01-04T17:41:40.911+0545 [DEBUG] [org.gradle.internal.operations.DefaultBuildOperationRunner] Build operation 'Resolve mutations for task :app:dataBindingMergeDependencyArtifactsDebug' completed
2026-01-04T17:41:40.911+0545 [DEBUG] [org.gradle.execution.plan.DefaultFinalizedExecutionPlan] Node Resolve mutations for :app:dataBindingMergeDependencyArtifactsDebug completed, executed: true
2026-01-04T17:41:40.911+0545 [DEBUG] [org.gradle.execution.plan.DefaultFinalizedExecutionPlan] Node Resolve mutations for :app:dataBindingMergeDependencyArtifactsDebug finished executing
2026-01-04T17:41:40.911+0545 [INFO] [org.gradle.execution.plan.DefaultPlanExecutor] :app:dataBindingMergeDependencyArtifactsDebug (Thread[Execution worker Thread 6,5,main]) started.
2026-01-04T17:41:40.911+0545 [DEBUG] [org.gradle.internal.operations.DefaultBuildOperationRunner] Completing Build operation 'Resolve mutations for task :app:mergeDebugShaders'
2026-01-04T17:41:40.912+0545 [DEBUG] [org.gradle.internal.operations.DefaultBuildOperationRunner] Build operation 'Resolve mutations for task :app:mergeDebugShaders' completed
2026-01-04T17:41:40.912+0545 [DEBUG] [org.gradle.execution.plan.DefaultFinalizedExecutionPlan] Node Resolve mutations for :app:mergeDebugShaders completed, executed: true
2026-01-04T17:41:40.910+0545 [DEBUG] [org.gradle.internal.operations.DefaultBuildOperationRunner] Completing Build operation 'Resolve mutations for task :app:javaPreCompileDebug'
2026-01-04T17:41:40.912+0545 [DEBUG] [org.gradle.internal.operations.DefaultBuildOperationRunner] Build operation 'Resolve mutations for task :app:javaPreCompileDebug' completed
2026-01-04T17:41:40.913+0545 [DEBUG] [org.gradle.internal.operations.DefaultBuildOperationRunner] Build operation 'Snapshot task inputs for :app:mergeDebugNativeDebugMetadata' started
2026-01-04T17:41:40.912+0545 [DEBUG] [org.gradle.execution.plan.DefaultFinalizedExecutionPlan] Node Resolve mutations for :app:mergeDebugShaders finished executing
2026-01-04T17:41:40.912+0545 [DEBUG] [org.gradle.internal.operations.DefaultBuildOperationRunner] Completing Build operation 'Resolve mutations for task :app:checkDebugAarMetadata'
2026-01-04T17:41:40.912+0545 [DEBUG] [org.gradle.internal.operations.DefaultBuildOperationRunner] Build operation 'Task :app:dataBindingMergeDependencyArtifactsDebug' started
2026-01-04T17:41:40.915+0545 [INFO] [org.gradle.execution.plan.DefaultPlanExecutor] :app:mergeDebugShaders (Thread[included builds,5,main]) started.
2026-01-04T17:41:40.915+0545 [DEBUG] [org.gradle.internal.operations.DefaultBuildOperationRunner] Build operation 'Task :app:mergeDebugShaders' started
2026-01-04T17:41:40.916+0545 [DEBUG] [org.gradle.execution.plan.DefaultFinalizedExecutionPlan] Node :app:checkKotlinGradlePluginConfigurationErrors completed, executed: true
2026-01-04T17:41:40.917+0545 [DEBUG] [org.gradle.execution.plan.DefaultFinalizedExecutionPlan] Node :app:checkKotlinGradlePluginConfigurationErrors finished executing
2026-01-04T17:41:40.917+0545 [DEBUG] [org.gradle.internal.operations.DefaultBuildOperationRunner] Completing Build operation 'Snapshot inputs and outputs before executing task ':app:generateDebugResValues''
2026-01-04T17:41:40.915+0545 [DEBUG] [org.gradle.internal.operations.DefaultBuildOperationRunner] Build operation 'Resolve mutations for task :app:checkDebugAarMetadata' completed
2026-01-04T17:41:40.918+0545 [DEBUG] [org.gradle.internal.operations.DefaultBuildOperationRunner] Build operation 'Snapshot task inputs for :app:mergeDebugShaders' started
2026-01-04T17:41:40.917+0545 [DEBUG] [org.gradle.execution.plan.DefaultFinalizedExecutionPlan] Node Resolve mutations for :app:javaPreCompileDebug completed, executed: true
2026-01-04T17:41:40.919+0545 [DEBUG] [org.gradle.execution.plan.DefaultFinalizedExecutionPlan] Node Resolve mutations for :app:javaPreCompileDebug finished executing
2026-01-04T17:41:40.919+0545 [INFO] [org.gradle.execution.plan.DefaultPlanExecutor] :app:javaPreCompileDebug (Thread[Execution worker Thread 2,5,main]) started.
2026-01-04T17:41:40.919+0545 [DEBUG] [org.gradle.internal.operations.DefaultBuildOperationRunner] Build operation 'Task :app:javaPreCompileDebug' started
2026-01-04T17:41:40.917+0545 [INFO] [org.gradle.execution.plan.DefaultPlanExecutor] Resolve mutations for :app:desugarDebugFileDependencies (Thread[Execution worker Thread 3,5,main]) started.
2026-01-04T17:41:40.919+0545 [DEBUG] [org.gradle.execution.plan.DefaultFinalizedExecutionPlan] Node Resolve mutations for :app:createDebugCompatibleScreenManifests completed, executed: true
2026-01-04T17:41:40.919+0545 [DEBUG] [org.gradle.internal.operations.DefaultBuildOperationRunner] Build operation 'Snapshot inputs and outputs before executing task ':app:mergeDebugShaders'' started
2026-01-04T17:41:40.919+0545 [DEBUG] [org.gradle.internal.operations.DefaultBuildOperationRunner] Completing Build operation 'Snapshot task inputs for :app:generateDebugResValues'
2026-01-04T17:41:40.918+0545 [DEBUG] [org.gradle.internal.operations.DefaultBuildOperationRunner] Completing Build operation 'Snapshot task inputs for :app:mergeDebugNativeDebugMetadata'
2026-01-04T17:41:40.905+0545 [LIFECYCLE] [class org.gradle.internal.buildevents.TaskExecutionLogger] 
2026-01-04T17:41:40.905+0545 [LIFECYCLE] [class org.gradle.internal.buildevents.TaskExecutionLogger] > Task :app:mergeDebugNativeDebugMetadata NO-SOURCE
2026-01-04T17:41:40.905+0545 [DEBUG] [org.gradle.api.internal.tasks.execution.ResolveTaskExecutionModeExecuter] Putting task artifact state for task ':app:mergeDebugNativeDebugMetadata' into context took 0.0 secs.
2026-01-04T17:41:40.915+0545 [INFO] [org.gradle.internal.execution.steps.SkipEmptyIncrementalWorkStep] Skipping task ':app:mergeDebugNativeDebugMetadata' as it has no source files and no previous output files.
2026-01-04T17:41:40.920+0545 [DEBUG] [org.gradle.internal.operations.DefaultBuildOperationRunner] Build operation 'Snapshot task inputs for :app:mergeDebugNativeDebugMetadata' completed
2026-01-04T17:41:40.920+0545 [DEBUG] [org.gradle.api.internal.tasks.execution.ResolveTaskExecutionModeExecuter] Removed task artifact state for task ':app:mergeDebugNativeDebugMetadata' from context.
2026-01-04T17:41:40.920+0545 [DEBUG] [org.gradle.internal.operations.DefaultBuildOperationRunner] Completing Build operation 'Task :app:mergeDebugNativeDebugMetadata'
2026-01-04T17:41:40.920+0545 [DEBUG] [org.gradle.internal.operations.DefaultBuildOperationRunner] Build operation 'Task :app:mergeDebugNativeDebugMetadata' completed
2026-01-04T17:41:40.918+0545 [DEBUG] [org.gradle.internal.operations.DefaultBuildOperationRunner] Build operation 'Snapshot task inputs for :app:dataBindingMergeDependencyArtifactsDebug' started
2026-01-04T17:41:40.920+0545 [DEBUG] [org.gradle.cache.internal.btree.BTreePersistentIndexedCache] Opening cache executionHistory.bin (/home/zen/Documents/unfinished_business/clippy-share/android/.gradle/9.2.0/executionHistory/executionHistory.bin)
2026-01-04T17:41:40.920+0545 [DEBUG] [org.gradle.internal.operations.DefaultBuildOperationRunner] Build operation 'Snapshot inputs and outputs before executing task ':app:dataBindingMergeDependencyArtifactsDebug'' started
2026-01-04T17:41:40.921+0545 [DEBUG] [org.gradle.internal.operations.DefaultBuildOperationRunner] Build operation 'Fingerprint transform inputs' started
2026-01-04T17:41:40.921+0545 [DEBUG] [org.gradle.internal.operations.DefaultBuildOperationRunner] Completing Build operation 'Fingerprint transform inputs'
2026-01-04T17:41:40.922+0545 [DEBUG] [org.gradle.internal.operations.DefaultBuildOperationRunner] Build operation 'Fingerprint transform inputs' started
2026-01-04T17:41:40.922+0545 [DEBUG] [org.gradle.internal.operations.DefaultBuildOperationRunner] Completing Build operation 'Fingerprint transform inputs'
2026-01-04T17:41:40.919+0545 [DEBUG] [org.gradle.execution.plan.DefaultFinalizedExecutionPlan] Node Resolve mutations for :app:createDebugCompatibleScreenManifests finished executing
2026-01-04T17:41:40.924+0545 [DEBUG] [org.gradle.cache.internal.btree.BTreePersistentIndexedCache] Opening cache outputFiles.bin (/home/zen/Documents/unfinished_business/clippy-share/android/.gradle/buildOutputCleanup/outputFiles.bin)
2026-01-04T17:41:40.919+0545 [DEBUG] [org.gradle.internal.operations.DefaultBuildOperationRunner] Build operation 'Resolve mutations for task :app:desugarDebugFileDependencies' started
2026-01-04T17:41:40.925+0545 [DEBUG] [org.gradle.internal.operations.DefaultBuildOperationRunner] Completing Build operation 'Resolve mutations for task :app:desugarDebugFileDependencies'
2026-01-04T17:41:40.926+0545 [DEBUG] [org.gradle.internal.operations.DefaultBuildOperationRunner] Build operation 'Snapshot task inputs for :app:javaPreCompileDebug' started
2026-01-04T17:41:40.927+0545 [DEBUG] [org.gradle.internal.operations.DefaultBuildOperationRunner] Build operation 'Snapshot inputs and outputs before executing task ':app:javaPreCompileDebug'' started
2026-01-04T17:41:40.926+0545 [DEBUG] [org.gradle.internal.operations.DefaultBuildOperationRunner] Build operation 'Resolve mutations for task :app:desugarDebugFileDependencies' completed
2026-01-04T17:41:40.926+0545 [DEBUG] [org.gradle.execution.plan.DefaultFinalizedExecutionPlan] Node :app:mergeDebugNativeDebugMetadata completed, executed: true
2026-01-04T17:41:40.927+0545 [DEBUG] [org.gradle.execution.plan.DefaultFinalizedExecutionPlan] Node :app:mergeDebugNativeDebugMetadata finished executing
2026-01-04T17:41:40.924+0545 [INFO] [org.gradle.execution.plan.DefaultPlanExecutor] :app:createDebugCompatibleScreenManifests (Thread[Execution worker Thread 7,5,main]) started.
2026-01-04T17:41:40.927+0545 [DEBUG] [org.gradle.internal.operations.DefaultBuildOperationRunner] Build operation 'Task :app:createDebugCompatibleScreenManifests' started
2026-01-04T17:41:40.928+0545 [DEBUG] [org.gradle.execution.plan.DefaultFinalizedExecutionPlan] Node Resolve mutations for :app:checkDebugAarMetadata completed, executed: true
2026-01-04T17:41:40.928+0545 [DEBUG] [org.gradle.execution.plan.DefaultFinalizedExecutionPlan] Node Resolve mutations for :app:checkDebugAarMetadata finished executing
2026-01-04T17:41:40.928+0545 [INFO] [org.gradle.execution.plan.DefaultPlanExecutor] :app:checkDebugAarMetadata (Thread[Execution worker Thread 4,5,main]) started.
2026-01-04T17:41:40.928+0545 [DEBUG] [org.gradle.internal.operations.DefaultBuildOperationRunner] Build operation 'Task :app:checkDebugAarMetadata' started
2026-01-04T17:41:40.928+0545 [DEBUG] [org.gradle.execution.plan.DefaultFinalizedExecutionPlan] Node Resolve mutations for :app:desugarDebugFileDependencies completed, executed: true
2026-01-04T17:41:40.928+0545 [DEBUG] [org.gradle.execution.plan.DefaultFinalizedExecutionPlan] Node Resolve mutations for :app:desugarDebugFileDependencies finished executing
2026-01-04T17:41:40.929+0545 [INFO] [org.gradle.execution.plan.DefaultPlanExecutor] :app:desugarDebugFileDependencies (Thread[Execution worker Thread 3,5,main]) started.
2026-01-04T17:41:40.929+0545 [DEBUG] [org.gradle.internal.operations.DefaultBuildOperationRunner] Build operation 'Task :app:desugarDebugFileDependencies' started
2026-01-04T17:41:40.929+0545 [DEBUG] [org.gradle.internal.operations.DefaultBuildOperationRunner] Build operation 'Snapshot task inputs for :app:desugarDebugFileDependencies' started
2026-01-04T17:41:40.929+0545 [DEBUG] [org.gradle.internal.operations.DefaultBuildOperationRunner] Build operation 'Snapshot inputs and outputs before executing task ':app:desugarDebugFileDependencies'' started
2026-01-04T17:41:40.932+0545 [DEBUG] [org.gradle.internal.operations.DefaultBuildOperationRunner] Completing Build operation 'Snapshot inputs and outputs before executing task ':app:desugarDebugFileDependencies''
2026-01-04T17:41:40.929+0545 [DEBUG] [org.gradle.internal.operations.DefaultBuildOperationRunner] Completing Build operation 'Snapshot inputs and outputs before executing task ':app:mergeDebugShaders''
2026-01-04T17:41:40.934+0545 [DEBUG] [org.gradle.internal.operations.DefaultBuildOperationRunner] Completing Build operation 'Snapshot task inputs for :app:mergeDebugShaders'
2026-01-04T17:41:40.904+0545 [LIFECYCLE] [class org.gradle.internal.buildevents.TaskExecutionLogger] 
2026-01-04T17:41:40.904+0545 [LIFECYCLE] [class org.gradle.internal.buildevents.TaskExecutionLogger] > Task :app:generateDebugResValues UP-TO-DATE
2026-01-04T17:41:40.909+0545 [DEBUG] [org.gradle.api.internal.tasks.execution.ResolveTaskExecutionModeExecuter] Putting task artifact state for task ':app:generateDebugResValues' into context took 0.0 secs.
2026-01-04T17:41:40.912+0545 [DEBUG] [org.gradle.internal.execution.steps.AbstractCaptureStateBeforeExecutionStep] Implementation for task ':app:generateDebugResValues': com.android.build.gradle.tasks.GenerateResValues_Decorated@4635d1901842c7d1eb7822b67da950d1
2026-01-04T17:41:40.917+0545 [DEBUG] [org.gradle.internal.execution.steps.AbstractCaptureStateBeforeExecutionStep] Additional implementations for task ':app:generateDebugResValues': [com.android.build.gradle.tasks.GenerateResValues_Decorated@4635d1901842c7d1eb7822b67da950d1]
2026-01-04T17:41:40.917+0545 [DEBUG] [org.gradle.internal.operations.DefaultBuildOperationRunner] Build operation 'Snapshot inputs and outputs before executing task ':app:generateDebugResValues'' completed
2026-01-04T17:41:40.919+0545 [INFO] [org.gradle.internal.execution.steps.AbstractResolveCachingStateStep] Caching disabled for task ':app:generateDebugResValues' because:
  Build cache is disabled
2026-01-04T17:41:40.919+0545 [DEBUG] [org.gradle.internal.operations.DefaultBuildOperationRunner] Build operation 'Snapshot task inputs for :app:generateDebugResValues' completed
2026-01-04T17:41:40.919+0545 [DEBUG] [org.gradle.internal.execution.steps.SkipUpToDateStep] Determining if task ':app:generateDebugResValues' is up-to-date
2026-01-04T17:41:40.920+0545 [INFO] [org.gradle.internal.execution.steps.SkipUpToDateStep] Skipping task ':app:generateDebugResValues' as it is up-to-date.
2026-01-04T17:41:40.923+0545 [DEBUG] [org.gradle.api.internal.tasks.execution.ResolveTaskExecutionModeExecuter] Removed task artifact state for task ':app:generateDebugResValues' from context.
2026-01-04T17:41:40.938+0545 [DEBUG] [org.gradle.internal.operations.DefaultBuildOperationRunner] Completing Build operation 'Snapshot task inputs for :app:desugarDebugFileDependencies'
2026-01-04T17:41:40.938+0545 [DEBUG] [org.gradle.internal.operations.DefaultBuildOperationRunner] Completing Build operation 'Task :app:generateDebugResValues'
2026-01-04T17:41:40.938+0545 [DEBUG] [org.gradle.internal.operations.DefaultBuildOperationRunner] Build operation 'Task :app:generateDebugResValues' completed
2026-01-04T17:41:40.940+0545 [DEBUG] [org.gradle.execution.plan.DefaultFinalizedExecutionPlan] Node :app:generateDebugResValues completed, executed: true
2026-01-04T17:41:40.940+0545 [DEBUG] [org.gradle.internal.operations.DefaultBuildOperationRunner] Build operation 'Snapshot task inputs for :app:checkDebugAarMetadata' started
2026-01-04T17:41:40.940+0545 [DEBUG] [org.gradle.execution.plan.DefaultFinalizedExecutionPlan] Node :app:generateDebugResValues finished executing
2026-01-04T17:41:40.928+0545 [DEBUG] [org.gradle.internal.operations.DefaultBuildOperationRunner] Build operation 'Snapshot task inputs for :app:createDebugCompatibleScreenManifests' started
2026-01-04T17:41:40.941+0545 [INFO] [org.gradle.execution.plan.DefaultPlanExecutor] Resolve mutations for :app:generateDebugResources (Thread[Execution worker,5,main]) started.
2026-01-04T17:41:40.928+0545 [INFO] [org.gradle.execution.plan.DefaultPlanExecutor] Resolve mutations for :app:checkDebugDuplicateClasses (Thread[Execution worker Thread 5,5,main]) started.
2026-01-04T17:41:40.927+0545 [DEBUG] [org.gradle.internal.operations.DefaultBuildOperationRunner] Completing Build operation 'Snapshot inputs and outputs before executing task ':app:javaPreCompileDebug''
2026-01-04T17:41:40.941+0545 [DEBUG] [org.gradle.internal.operations.DefaultBuildOperationRunner] Build operation 'Resolve mutations for task :app:checkDebugDuplicateClasses' started
2026-01-04T17:41:40.942+0545 [DEBUG] [org.gradle.internal.operations.DefaultBuildOperationRunner] Completing Build operation 'Resolve mutations for task :app:checkDebugDuplicateClasses'
2026-01-04T17:41:40.942+0545 [DEBUG] [org.gradle.internal.operations.DefaultBuildOperationRunner] Build operation 'Resolve mutations for task :app:checkDebugDuplicateClasses' completed
2026-01-04T17:41:40.943+0545 [DEBUG] [org.gradle.execution.plan.DefaultFinalizedExecutionPlan] Node Resolve mutations for :app:checkDebugDuplicateClasses completed, executed: true
2026-01-04T17:41:40.943+0545 [DEBUG] [org.gradle.execution.plan.DefaultFinalizedExecutionPlan] Node Resolve mutations for :app:checkDebugDuplicateClasses finished executing
2026-01-04T17:41:40.943+0545 [INFO] [org.gradle.execution.plan.DefaultPlanExecutor] Resolve mutations for :app:mapDebugSourceSetPaths (Thread[Execution worker Thread 5,5,main]) started.
2026-01-04T17:41:40.943+0545 [DEBUG] [org.gradle.internal.operations.DefaultBuildOperationRunner] Build operation 'Resolve mutations for task :app:mapDebugSourceSetPaths' started
2026-01-04T17:41:40.941+0545 [DEBUG] [org.gradle.internal.operations.DefaultBuildOperationRunner] Build operation 'Resolve mutations for task :app:generateDebugResources' started
2026-01-04T17:41:40.944+0545 [DEBUG] [org.gradle.internal.operations.DefaultBuildOperationRunner] Completing Build operation 'Resolve mutations for task :app:generateDebugResources'
2026-01-04T17:41:40.944+0545 [DEBUG] [org.gradle.internal.operations.DefaultBuildOperationRunner] Build operation 'Resolve mutations for task :app:generateDebugResources' completed
2026-01-04T17:41:40.944+0545 [DEBUG] [org.gradle.execution.plan.DefaultFinalizedExecutionPlan] Node Resolve mutations for :app:generateDebugResources completed, executed: true
2026-01-04T17:41:40.944+0545 [DEBUG] [org.gradle.internal.operations.DefaultBuildOperationRunner] Completing Build operation 'Snapshot inputs and outputs before executing task ':app:dataBindingMergeDependencyArtifactsDebug''
2026-01-04T17:41:40.941+0545 [DEBUG] [org.gradle.internal.operations.DefaultBuildOperationRunner] Build operation 'Snapshot inputs and outputs before executing task ':app:createDebugCompatibleScreenManifests'' started
2026-01-04T17:41:40.945+0545 [DEBUG] [org.gradle.internal.operations.DefaultBuildOperationRunner] Completing Build operation 'Snapshot inputs and outputs before executing task ':app:createDebugCompatibleScreenManifests''
2026-01-04T17:41:40.946+0545 [DEBUG] [org.gradle.internal.operations.DefaultBuildOperationRunner] Completing Build operation 'Snapshot task inputs for :app:createDebugCompatibleScreenManifests'
2026-01-04T17:41:40.916+0545 [LIFECYCLE] [class org.gradle.internal.buildevents.TaskExecutionLogger] 
2026-01-04T17:41:40.916+0545 [LIFECYCLE] [class org.gradle.internal.buildevents.TaskExecutionLogger] > Task :app:mergeDebugShaders UP-TO-DATE
2026-01-04T17:41:40.916+0545 [DEBUG] [org.gradle.api.internal.tasks.execution.ResolveTaskExecutionModeExecuter] Putting task artifact state for task ':app:mergeDebugShaders' into context took 0.0 secs.
2026-01-04T17:41:40.920+0545 [DEBUG] [org.gradle.internal.execution.steps.AbstractCaptureStateBeforeExecutionStep] Implementation for task ':app:mergeDebugShaders': com.android.build.gradle.tasks.MergeSourceSetFolders_Decorated@4635d1901842c7d1eb7822b67da950d1
2026-01-04T17:41:40.923+0545 [DEBUG] [org.gradle.internal.execution.steps.AbstractCaptureStateBeforeExecutionStep] Additional implementations for task ':app:mergeDebugShaders': [com.android.build.gradle.tasks.MergeSourceSetFolders_Decorated@4635d1901842c7d1eb7822b67da950d1]
2026-01-04T17:41:40.932+0545 [DEBUG] [org.gradle.internal.operations.DefaultBuildOperationRunner] Build operation 'Snapshot inputs and outputs before executing task ':app:mergeDebugShaders'' completed
2026-01-04T17:41:40.933+0545 [INFO] [org.gradle.internal.execution.steps.AbstractResolveCachingStateStep] Caching disabled for task ':app:mergeDebugShaders' because:
  Build cache is disabled
  Simple merging task
2026-01-04T17:41:40.934+0545 [DEBUG] [org.gradle.internal.operations.DefaultBuildOperationRunner] Build operation 'Snapshot task inputs for :app:mergeDebugShaders' completed
2026-01-04T17:41:40.934+0545 [DEBUG] [org.gradle.internal.execution.steps.SkipUpToDateStep] Determining if task ':app:mergeDebugShaders' is up-to-date
2026-01-04T17:41:40.934+0545 [INFO] [org.gradle.internal.execution.steps.SkipUpToDateStep] Skipping task ':app:mergeDebugShaders' as it is up-to-date.
2026-01-04T17:41:40.936+0545 [DEBUG] [org.gradle.api.internal.tasks.execution.ResolveTaskExecutionModeExecuter] Removed task artifact state for task ':app:mergeDebugShaders' from context.
2026-01-04T17:41:40.948+0545 [DEBUG] [org.gradle.internal.operations.DefaultBuildOperationRunner] Completing Build operation 'Task :app:mergeDebugShaders'
2026-01-04T17:41:40.947+0545 [DEBUG] [org.gradle.internal.operations.DefaultBuildOperationRunner] Completing Build operation 'Resolve mutations for task :app:mapDebugSourceSetPaths'
2026-01-04T17:41:40.944+0545 [DEBUG] [org.gradle.internal.operations.DefaultBuildOperationRunner] Build operation 'Snapshot inputs and outputs before executing task ':app:checkDebugAarMetadata'' started
2026-01-04T17:41:40.950+0545 [DEBUG] [org.gradle.internal.operations.DefaultBuildOperationRunner] Build operation 'Fingerprint transform inputs' started
2026-01-04T17:41:40.944+0545 [DEBUG] [org.gradle.execution.plan.DefaultFinalizedExecutionPlan] Node Resolve mutations for :app:generateDebugResources finished executing
2026-01-04T17:41:40.951+0545 [INFO] [org.gradle.execution.plan.DefaultPlanExecutor] :app:generateDebugResources (Thread[Execution worker,5,main]) started.
2026-01-04T17:41:40.951+0545 [DEBUG] [org.gradle.internal.operations.DefaultBuildOperationRunner] Build operation 'Task :app:generateDebugResources' started
2026-01-04T17:41:40.951+0545 [DEBUG] [org.gradle.internal.operations.DefaultBuildOperationRunner] Completing Build operation 'Fingerprint transform inputs'
2026-01-04T17:41:40.929+0545 [LIFECYCLE] [class org.gradle.internal.buildevents.TaskExecutionLogger] 
2026-01-04T17:41:40.929+0545 [LIFECYCLE] [class org.gradle.internal.buildevents.TaskExecutionLogger] > Task :app:desugarDebugFileDependencies UP-TO-DATE
2026-01-04T17:41:40.929+0545 [DEBUG] [org.gradle.api.internal.tasks.execution.ResolveTaskExecutionModeExecuter] Putting task artifact state for task ':app:desugarDebugFileDependencies' into context took 0.0 secs.
2026-01-04T17:41:40.930+0545 [DEBUG] [org.gradle.internal.execution.steps.AbstractCaptureStateBeforeExecutionStep] Implementation for task ':app:desugarDebugFileDependencies': com.android.build.gradle.internal.tasks.DexFileDependenciesTask_Decorated@4635d1901842c7d1eb7822b67da950d1
2026-01-04T17:41:40.930+0545 [DEBUG] [org.gradle.internal.execution.steps.AbstractCaptureStateBeforeExecutionStep] Additional implementations for task ':app:desugarDebugFileDependencies': [com.android.build.gradle.internal.tasks.DexFileDependenciesTask_Decorated@4635d1901842c7d1eb7822b67da950d1]
2026-01-04T17:41:40.934+0545 [DEBUG] [org.gradle.internal.operations.DefaultBuildOperationRunner] Build operation 'Snapshot inputs and outputs before executing task ':app:desugarDebugFileDependencies'' completed
2026-01-04T17:41:40.935+0545 [INFO] [org.gradle.internal.execution.steps.AbstractResolveCachingStateStep] Caching disabled for task ':app:desugarDebugFileDependencies' because:
  Build cache is disabled
2026-01-04T17:41:40.938+0545 [DEBUG] [org.gradle.internal.operations.DefaultBuildOperationRunner] Build operation 'Snapshot task inputs for :app:desugarDebugFileDependencies' completed
2026-01-04T17:41:40.938+0545 [DEBUG] [org.gradle.internal.execution.steps.SkipUpToDateStep] Determining if task ':app:desugarDebugFileDependencies' is up-to-date
2026-01-04T17:41:40.938+0545 [INFO] [org.gradle.internal.execution.steps.SkipUpToDateStep] Skipping task ':app:desugarDebugFileDependencies' as it is up-to-date.
2026-01-04T17:41:40.941+0545 [DEBUG] [org.gradle.api.internal.tasks.execution.ResolveTaskExecutionModeExecuter] Removed task artifact state for task ':app:desugarDebugFileDependencies' from context.
2026-01-04T17:41:40.952+0545 [DEBUG] [org.gradle.internal.operations.DefaultBuildOperationRunner] Completing Build operation 'Task :app:desugarDebugFileDependencies'
2026-01-04T17:41:40.952+0545 [DEBUG] [org.gradle.internal.operations.DefaultBuildOperationRunner] Build operation 'Task :app:desugarDebugFileDependencies' completed
2026-01-04T17:41:40.952+0545 [DEBUG] [org.gradle.execution.plan.DefaultFinalizedExecutionPlan] Node :app:desugarDebugFileDependencies completed, executed: true
2026-01-04T17:41:40.952+0545 [DEBUG] [org.gradle.execution.plan.DefaultFinalizedExecutionPlan] Node :app:desugarDebugFileDependencies finished executing
2026-01-04T17:41:40.952+0545 [INFO] [org.gradle.execution.plan.DefaultPlanExecutor] Resolve mutations for :app:extractDeepLinksDebug (Thread[Execution worker Thread 3,5,main]) started.
2026-01-04T17:41:40.952+0545 [DEBUG] [org.gradle.internal.operations.DefaultBuildOperationRunner] Build operation 'Resolve mutations for task :app:extractDeepLinksDebug' started
2026-01-04T17:41:40.953+0545 [DEBUG] [org.gradle.internal.operations.DefaultBuildOperationRunner] Completing Build operation 'Resolve mutations for task :app:extractDeepLinksDebug'
2026-01-04T17:41:40.953+0545 [DEBUG] [org.gradle.internal.operations.DefaultBuildOperationRunner] Build operation 'Resolve mutations for task :app:extractDeepLinksDebug' completed
2026-01-04T17:41:40.953+0545 [DEBUG] [org.gradle.execution.plan.DefaultFinalizedExecutionPlan] Node Resolve mutations for :app:extractDeepLinksDebug completed, executed: true
2026-01-04T17:41:40.953+0545 [DEBUG] [org.gradle.execution.plan.DefaultFinalizedExecutionPlan] Node Resolve mutations for :app:extractDeepLinksDebug finished executing
2026-01-04T17:41:40.953+0545 [INFO] [org.gradle.execution.plan.DefaultPlanExecutor] :app:extractDeepLinksDebug (Thread[Execution worker Thread 3,5,main]) started.
2026-01-04T17:41:40.954+0545 [DEBUG] [org.gradle.internal.operations.DefaultBuildOperationRunner] Build operation 'Snapshot task inputs for :app:generateDebugResources' started
2026-01-04T17:41:40.954+0545 [DEBUG] [org.gradle.internal.operations.DefaultBuildOperationRunner] Build operation 'Snapshot inputs and outputs before executing task ':app:generateDebugResources'' started
2026-01-04T17:41:40.955+0545 [DEBUG] [org.gradle.internal.operations.DefaultBuildOperationRunner] Completing Build operation 'Snapshot inputs and outputs before executing task ':app:generateDebugResources''
2026-01-04T17:41:40.951+0545 [DEBUG] [org.gradle.internal.operations.DefaultBuildOperationRunner] Build operation 'Resolve mutations for task :app:mapDebugSourceSetPaths' completed
2026-01-04T17:41:40.956+0545 [DEBUG] [org.gradle.execution.plan.DefaultFinalizedExecutionPlan] Node Resolve mutations for :app:mapDebugSourceSetPaths completed, executed: true
2026-01-04T17:41:40.956+0545 [DEBUG] [org.gradle.execution.plan.DefaultFinalizedExecutionPlan] Node Resolve mutations for :app:mapDebugSourceSetPaths finished executing
2026-01-04T17:41:40.957+0545 [INFO] [org.gradle.execution.plan.DefaultPlanExecutor] :app:mapDebugSourceSetPaths (Thread[Execution worker Thread 5,5,main]) started.
2026-01-04T17:41:40.957+0545 [DEBUG] [org.gradle.internal.operations.DefaultBuildOperationRunner] Build operation 'Task :app:mapDebugSourceSetPaths' started
2026-01-04T17:41:40.948+0545 [DEBUG] [org.gradle.internal.operations.DefaultBuildOperationRunner] Completing Build operation 'Snapshot task inputs for :app:dataBindingMergeDependencyArtifactsDebug'
2026-01-04T17:41:40.928+0545 [LIFECYCLE] [class org.gradle.internal.buildevents.TaskExecutionLogger] 
2026-01-04T17:41:40.928+0545 [LIFECYCLE] [class org.gradle.internal.buildevents.TaskExecutionLogger] > Task :app:createDebugCompatibleScreenManifests UP-TO-DATE
2026-01-04T17:41:40.928+0545 [DEBUG] [org.gradle.api.internal.tasks.execution.ResolveTaskExecutionModeExecuter] Putting task artifact state for task ':app:createDebugCompatibleScreenManifests' into context took 0.0 secs.
2026-01-04T17:41:40.945+0545 [DEBUG] [org.gradle.internal.execution.steps.AbstractCaptureStateBeforeExecutionStep] Implementation for task ':app:createDebugCompatibleScreenManifests': com.android.build.gradle.tasks.CompatibleScreensManifest_Decorated@4635d1901842c7d1eb7822b67da950d1
2026-01-04T17:41:40.945+0545 [DEBUG] [org.gradle.internal.execution.steps.AbstractCaptureStateBeforeExecutionStep] Additional implementations for task ':app:createDebugCompatibleScreenManifests': [com.android.build.gradle.tasks.CompatibleScreensManifest_Decorated@4635d1901842c7d1eb7822b67da950d1]
2026-01-04T17:41:40.946+0545 [DEBUG] [org.gradle.internal.operations.DefaultBuildOperationRunner] Build operation 'Snapshot inputs and outputs before executing task ':app:createDebugCompatibleScreenManifests'' completed
2026-01-04T17:41:40.946+0545 [INFO] [org.gradle.internal.execution.steps.AbstractResolveCachingStateStep] Caching disabled for task ':app:createDebugCompatibleScreenManifests' because:
  Build cache is disabled
  Caching has been disabled for the task
2026-01-04T17:41:40.946+0545 [DEBUG] [org.gradle.internal.operations.DefaultBuildOperationRunner] Build operation 'Snapshot task inputs for :app:createDebugCompatibleScreenManifests' completed
2026-01-04T17:41:40.948+0545 [DEBUG] [org.gradle.internal.execution.steps.SkipUpToDateStep] Determining if task ':app:createDebugCompatibleScreenManifests' is up-to-date
2026-01-04T17:41:40.959+0545 [INFO] [org.gradle.internal.execution.steps.SkipUpToDateStep] Skipping task ':app:createDebugCompatibleScreenManifests' as it is up-to-date.
2026-01-04T17:41:40.959+0545 [DEBUG] [org.gradle.api.internal.tasks.execution.ResolveTaskExecutionModeExecuter] Removed task artifact state for task ':app:createDebugCompatibleScreenManifests' from context.
2026-01-04T17:41:40.915+0545 [LIFECYCLE] [class org.gradle.internal.buildevents.TaskExecutionLogger] 
2026-01-04T17:41:40.915+0545 [LIFECYCLE] [class org.gradle.internal.buildevents.TaskExecutionLogger] > Task :app:dataBindingMergeDependencyArtifactsDebug UP-TO-DATE
2026-01-04T17:41:40.915+0545 [DEBUG] [org.gradle.api.internal.tasks.execution.ResolveTaskExecutionModeExecuter] Putting task artifact state for task ':app:dataBindingMergeDependencyArtifactsDebug' into context took 0.0 secs.
2026-01-04T17:41:40.921+0545 [DEBUG] [org.gradle.internal.execution.steps.AbstractCaptureStateBeforeExecutionStep] Implementation for task ':app:dataBindingMergeDependencyArtifactsDebug': com.android.build.gradle.internal.tasks.databinding.DataBindingMergeDependencyArtifactsTask_Decorated@4635d1901842c7d1eb7822b67da950d1
2026-01-04T17:41:40.921+0545 [DEBUG] [org.gradle.internal.execution.steps.AbstractCaptureStateBeforeExecutionStep] Additional implementations for task ':app:dataBindingMergeDependencyArtifactsDebug': [com.android.build.gradle.internal.tasks.databinding.DataBindingMergeDependencyArtifactsTask_Decorated@4635d1901842c7d1eb7822b67da950d1]
2026-01-04T17:41:40.922+0545 [DEBUG] [org.gradle.internal.operations.DefaultBuildOperationRunner] Build operation 'Fingerprint transform inputs' completed
2026-01-04T17:41:40.923+0545 [DEBUG] [org.gradle.internal.operations.DefaultBuildOperationRunner] Build operation 'Fingerprint transform inputs' completed
2026-01-04T17:41:40.944+0545 [DEBUG] [org.gradle.internal.operations.DefaultBuildOperationRunner] Build operation 'Snapshot inputs and outputs before executing task ':app:dataBindingMergeDependencyArtifactsDebug'' completed
2026-01-04T17:41:40.948+0545 [INFO] [org.gradle.internal.execution.steps.AbstractResolveCachingStateStep] Caching disabled for task ':app:dataBindingMergeDependencyArtifactsDebug' because:
  Build cache is disabled
  Caching has been disabled for the task
2026-01-04T17:41:40.958+0545 [DEBUG] [org.gradle.internal.operations.DefaultBuildOperationRunner] Build operation 'Snapshot task inputs for :app:dataBindingMergeDependencyArtifactsDebug' completed
2026-01-04T17:41:40.958+0545 [DEBUG] [org.gradle.internal.execution.steps.SkipUpToDateStep] Determining if task ':app:dataBindingMergeDependencyArtifactsDebug' is up-to-date
2026-01-04T17:41:40.958+0545 [INFO] [org.gradle.internal.execution.steps.SkipUpToDateStep] Skipping task ':app:dataBindingMergeDependencyArtifactsDebug' as it is up-to-date.
2026-01-04T17:41:40.960+0545 [DEBUG] [org.gradle.api.internal.tasks.execution.ResolveTaskExecutionModeExecuter] Removed task artifact state for task ':app:dataBindingMergeDependencyArtifactsDebug' from context.
2026-01-04T17:41:40.948+0545 [DEBUG] [org.gradle.internal.operations.DefaultBuildOperationRunner] Build operation 'Task :app:mergeDebugShaders' completed
2026-01-04T17:41:40.957+0545 [DEBUG] [org.gradle.internal.operations.DefaultBuildOperationRunner] Build operation 'Task :app:extractDeepLinksDebug' started
2026-01-04T17:41:40.953+0545 [DEBUG] [org.gradle.internal.operations.DefaultBuildOperationRunner] Completing Build operation 'Snapshot task inputs for :app:javaPreCompileDebug'
2026-01-04T17:41:40.961+0545 [DEBUG] [org.gradle.internal.operations.DefaultBuildOperationRunner] Build operation 'Snapshot task inputs for :app:mapDebugSourceSetPaths' started
2026-01-04T17:41:40.961+0545 [DEBUG] [org.gradle.internal.operations.DefaultBuildOperationRunner] Build operation 'Snapshot inputs and outputs before executing task ':app:mapDebugSourceSetPaths'' started
2026-01-04T17:41:40.963+0545 [DEBUG] [org.gradle.internal.operations.DefaultBuildOperationRunner] Completing Build operation 'Task :app:dataBindingMergeDependencyArtifactsDebug'
2026-01-04T17:41:40.964+0545 [DEBUG] [org.gradle.internal.operations.DefaultBuildOperationRunner] Build operation 'Task :app:dataBindingMergeDependencyArtifactsDebug' completed
2026-01-04T17:41:40.964+0545 [DEBUG] [org.gradle.execution.plan.DefaultFinalizedExecutionPlan] Node :app:dataBindingMergeDependencyArtifactsDebug completed, executed: true
2026-01-04T17:41:40.965+0545 [DEBUG] [org.gradle.execution.plan.DefaultFinalizedExecutionPlan] Node :app:dataBindingMergeDependencyArtifactsDebug finished executing
2026-01-04T17:41:40.965+0545 [INFO] [org.gradle.execution.plan.DefaultPlanExecutor] :app:checkDebugDuplicateClasses (Thread[Execution worker Thread 6,5,main]) started.
2026-01-04T17:41:40.966+0545 [DEBUG] [org.gradle.execution.plan.DefaultFinalizedExecutionPlan] Node :app:mergeDebugShaders completed, executed: true
2026-01-04T17:41:40.967+0545 [DEBUG] [org.gradle.execution.plan.DefaultFinalizedExecutionPlan] Node :app:mergeDebugShaders finished executing
2026-01-04T17:41:40.967+0545 [INFO] [org.gradle.execution.plan.DefaultPlanExecutor] Resolve mutations for :app:compileDebugShaders (Thread[included builds,5,main]) started.
2026-01-04T17:41:40.967+0545 [DEBUG] [org.gradle.internal.operations.DefaultBuildOperationRunner] Build operation 'Resolve mutations for task :app:compileDebugShaders' started
2026-01-04T17:41:40.968+0545 [DEBUG] [org.gradle.internal.operations.DefaultBuildOperationRunner] Completing Build operation 'Resolve mutations for task :app:compileDebugShaders'
2026-01-04T17:41:40.971+0545 [DEBUG] [org.gradle.internal.operations.DefaultBuildOperationRunner] Build operation 'Resolve mutations for task :app:compileDebugShaders' completed
2026-01-04T17:41:40.972+0545 [DEBUG] [org.gradle.execution.plan.DefaultFinalizedExecutionPlan] Node Resolve mutations for :app:compileDebugShaders completed, executed: true
2026-01-04T17:41:40.972+0545 [DEBUG] [org.gradle.execution.plan.DefaultFinalizedExecutionPlan] Node Resolve mutations for :app:compileDebugShaders finished executing
2026-01-04T17:41:40.972+0545 [INFO] [org.gradle.execution.plan.DefaultPlanExecutor] :app:compileDebugShaders (Thread[included builds,5,main]) started.
2026-01-04T17:41:40.973+0545 [DEBUG] [org.gradle.internal.operations.DefaultBuildOperationRunner] Build operation 'Task :app:compileDebugShaders' started
2026-01-04T17:41:40.971+0545 [DEBUG] [org.gradle.internal.operations.DefaultBuildOperationRunner] Build operation 'Task :app:checkDebugDuplicateClasses' started
2026-01-04T17:41:40.971+0545 [DEBUG] [org.gradle.internal.operations.DefaultBuildOperationRunner] Completing Build operation 'Snapshot inputs and outputs before executing task ':app:checkDebugAarMetadata''
2026-01-04T17:41:40.977+0545 [DEBUG] [org.gradle.internal.operations.DefaultBuildOperationRunner] Completing Build operation 'Snapshot task inputs for :app:checkDebugAarMetadata'
2026-01-04T17:41:40.969+0545 [DEBUG] [org.gradle.internal.operations.DefaultBuildOperationRunner] Build operation 'Fingerprint transform inputs' started
2026-01-04T17:41:40.978+0545 [DEBUG] [org.gradle.internal.operations.DefaultBuildOperationRunner] Completing Build operation 'Fingerprint transform inputs'
2026-01-04T17:41:40.969+0545 [DEBUG] [org.gradle.internal.operations.DefaultBuildOperationRunner] Completing Build operation 'Task :app:createDebugCompatibleScreenManifests'
2026-01-04T17:41:40.979+0545 [DEBUG] [org.gradle.internal.operations.DefaultBuildOperationRunner] Build operation 'Task :app:createDebugCompatibleScreenManifests' completed
2026-01-04T17:41:40.979+0545 [DEBUG] [org.gradle.execution.plan.DefaultFinalizedExecutionPlan] Node :app:createDebugCompatibleScreenManifests completed, executed: true
2026-01-04T17:41:40.980+0545 [DEBUG] [org.gradle.execution.plan.DefaultFinalizedExecutionPlan] Node :app:createDebugCompatibleScreenManifests finished executing
2026-01-04T17:41:40.980+0545 [INFO] [org.gradle.execution.plan.DefaultPlanExecutor] Resolve mutations for :app:mergeDebugStartupProfile (Thread[Execution worker Thread 7,5,main]) started.
2026-01-04T17:41:40.980+0545 [DEBUG] [org.gradle.internal.operations.DefaultBuildOperationRunner] Build operation 'Resolve mutations for task :app:mergeDebugStartupProfile' started
2026-01-04T17:41:40.981+0545 [DEBUG] [org.gradle.internal.operations.DefaultBuildOperationRunner] Completing Build operation 'Resolve mutations for task :app:mergeDebugStartupProfile'
2026-01-04T17:41:40.982+0545 [DEBUG] [org.gradle.internal.operations.DefaultBuildOperationRunner] Build operation 'Snapshot task inputs for :app:extractDeepLinksDebug' started
2026-01-04T17:41:40.919+0545 [LIFECYCLE] [class org.gradle.internal.buildevents.TaskExecutionLogger] 
2026-01-04T17:41:40.919+0545 [LIFECYCLE] [class org.gradle.internal.buildevents.TaskExecutionLogger] > Task :app:javaPreCompileDebug UP-TO-DATE
2026-01-04T17:41:40.926+0545 [DEBUG] [org.gradle.api.internal.tasks.execution.ResolveTaskExecutionModeExecuter] Putting task artifact state for task ':app:javaPreCompileDebug' into context took 0.0 secs.
2026-01-04T17:41:40.927+0545 [DEBUG] [org.gradle.internal.execution.steps.AbstractCaptureStateBeforeExecutionStep] Implementation for task ':app:javaPreCompileDebug': com.android.build.gradle.tasks.JavaPreCompileTask_Decorated@4635d1901842c7d1eb7822b67da950d1
2026-01-04T17:41:40.927+0545 [DEBUG] [org.gradle.internal.execution.steps.AbstractCaptureStateBeforeExecutionStep] Additional implementations for task ':app:javaPreCompileDebug': [com.android.build.gradle.tasks.JavaPreCompileTask_Decorated@4635d1901842c7d1eb7822b67da950d1]
2026-01-04T17:41:40.941+0545 [DEBUG] [org.gradle.internal.operations.DefaultBuildOperationRunner] Build operation 'Snapshot inputs and outputs before executing task ':app:javaPreCompileDebug'' completed
2026-01-04T17:41:40.942+0545 [INFO] [org.gradle.internal.execution.steps.AbstractResolveCachingStateStep] Caching disabled for task ':app:javaPreCompileDebug' because:
  Build cache is disabled
2026-01-04T17:41:40.961+0545 [DEBUG] [org.gradle.internal.operations.DefaultBuildOperationRunner] Build operation 'Snapshot task inputs for :app:javaPreCompileDebug' completed
2026-01-04T17:41:40.969+0545 [DEBUG] [org.gradle.internal.execution.steps.SkipUpToDateStep] Determining if task ':app:javaPreCompileDebug' is up-to-date
2026-01-04T17:41:40.979+0545 [INFO] [org.gradle.internal.execution.steps.SkipUpToDateStep] Skipping task ':app:javaPreCompileDebug' as it is up-to-date.
2026-01-04T17:41:40.982+0545 [DEBUG] [org.gradle.api.internal.tasks.execution.ResolveTaskExecutionModeExecuter] Removed task artifact state for task ':app:javaPreCompileDebug' from context.
2026-01-04T17:41:40.983+0545 [DEBUG] [org.gradle.internal.operations.DefaultBuildOperationRunner] Completing Build operation 'Task :app:javaPreCompileDebug'
2026-01-04T17:41:40.983+0545 [DEBUG] [org.gradle.internal.operations.DefaultBuildOperationRunner] Build operation 'Task :app:javaPreCompileDebug' completed
2026-01-04T17:41:40.983+0545 [DEBUG] [org.gradle.execution.plan.DefaultFinalizedExecutionPlan] Node :app:javaPreCompileDebug completed, executed: true
2026-01-04T17:41:40.983+0545 [DEBUG] [org.gradle.execution.plan.DefaultFinalizedExecutionPlan] Node :app:javaPreCompileDebug finished executing
2026-01-04T17:41:40.983+0545 [INFO] [org.gradle.execution.plan.DefaultPlanExecutor] Resolve mutations for :app:mergeDebugJniLibFolders (Thread[Execution worker Thread 2,5,main]) started.
2026-01-04T17:41:40.983+0545 [DEBUG] [org.gradle.internal.operations.DefaultBuildOperationRunner] Build operation 'Resolve mutations for task :app:mergeDebugJniLibFolders' started
2026-01-04T17:41:40.984+0545 [DEBUG] [org.gradle.internal.operations.DefaultBuildOperationRunner] Build operation 'Snapshot inputs and outputs before executing task ':app:extractDeepLinksDebug'' started
2026-01-04T17:41:40.985+0545 [DEBUG] [org.gradle.internal.operations.DefaultBuildOperationRunner] Build operation 'Resolve mutations for task :app:mergeDebugStartupProfile' completed
2026-01-04T17:41:40.985+0545 [DEBUG] [org.gradle.execution.plan.DefaultFinalizedExecutionPlan] Node Resolve mutations for :app:mergeDebugStartupProfile completed, executed: true
2026-01-04T17:41:40.985+0545 [DEBUG] [org.gradle.execution.plan.DefaultFinalizedExecutionPlan] Node Resolve mutations for :app:mergeDebugStartupProfile finished executing
2026-01-04T17:41:40.986+0545 [INFO] [org.gradle.execution.plan.DefaultPlanExecutor] :app:mergeDebugStartupProfile (Thread[Execution worker Thread 7,5,main]) started.
2026-01-04T17:41:40.975+0545 [DEBUG] [org.gradle.internal.operations.DefaultBuildOperationRunner] Build operation 'Snapshot task inputs for :app:checkDebugDuplicateClasses' started
2026-01-04T17:41:40.986+0545 [DEBUG] [org.gradle.internal.operations.DefaultBuildOperationRunner] Build operation 'Snapshot inputs and outputs before executing task ':app:checkDebugDuplicateClasses'' started
2026-01-04T17:41:40.987+0545 [DEBUG] [org.gradle.internal.operations.DefaultBuildOperationRunner] Build operation 'Fingerprint transform inputs' started
2026-01-04T17:41:40.987+0545 [DEBUG] [org.gradle.internal.operations.DefaultBuildOperationRunner] Completing Build operation 'Fingerprint transform inputs'
2026-01-04T17:41:40.986+0545 [DEBUG] [org.gradle.internal.operations.DefaultBuildOperationRunner] Build operation 'Task :app:mergeDebugStartupProfile' started
2026-01-04T17:41:40.989+0545 [DEBUG] [org.gradle.internal.operations.DefaultBuildOperationRunner] Build operation 'Fingerprint transform inputs' started
2026-01-04T17:41:40.986+0545 [DEBUG] [org.gradle.internal.operations.DefaultBuildOperationRunner] Build operation 'Snapshot task inputs for :app:compileDebugShaders' started
2026-01-04T17:41:40.989+0545 [DEBUG] [org.gradle.internal.operations.DefaultBuildOperationRunner] Completing Build operation 'Fingerprint transform inputs'
2026-01-04T17:41:40.991+0545 [DEBUG] [org.gradle.internal.operations.DefaultBuildOperationRunner] Completing Build operation 'Snapshot task inputs for :app:compileDebugShaders'
2026-01-04T17:41:40.973+0545 [LIFECYCLE] [class org.gradle.internal.buildevents.TaskExecutionLogger] 
2026-01-04T17:41:40.973+0545 [LIFECYCLE] [class org.gradle.internal.buildevents.TaskExecutionLogger] > Task :app:compileDebugShaders NO-SOURCE
2026-01-04T17:41:40.975+0545 [DEBUG] [org.gradle.api.internal.tasks.execution.ResolveTaskExecutionModeExecuter] Putting task artifact state for task ':app:compileDebugShaders' into context took 0.0 secs.
2026-01-04T17:41:40.990+0545 [INFO] [org.gradle.internal.execution.steps.SkipEmptyIncrementalWorkStep] Skipping task ':app:compileDebugShaders' as it has no source files and no previous output files.
2026-01-04T17:41:40.991+0545 [DEBUG] [org.gradle.internal.operations.DefaultBuildOperationRunner] Build operation 'Snapshot task inputs for :app:compileDebugShaders' completed
2026-01-04T17:41:40.991+0545 [DEBUG] [org.gradle.api.internal.tasks.execution.ResolveTaskExecutionModeExecuter] Removed task artifact state for task ':app:compileDebugShaders' from context.
2026-01-04T17:41:40.984+0545 [DEBUG] [org.gradle.internal.operations.DefaultBuildOperationRunner] Completing Build operation 'Resolve mutations for task :app:mergeDebugJniLibFolders'
2026-01-04T17:41:40.992+0545 [DEBUG] [org.gradle.internal.operations.DefaultBuildOperationRunner] Completing Build operation 'Task :app:compileDebugShaders'
2026-01-04T17:41:40.928+0545 [LIFECYCLE] [class org.gradle.internal.buildevents.TaskExecutionLogger] 
2026-01-04T17:41:40.928+0545 [LIFECYCLE] [class org.gradle.internal.buildevents.TaskExecutionLogger] > Task :app:checkDebugAarMetadata UP-TO-DATE
2026-01-04T17:41:40.939+0545 [DEBUG] [org.gradle.api.internal.tasks.execution.ResolveTaskExecutionModeExecuter] Putting task artifact state for task ':app:checkDebugAarMetadata' into context took 0.0 secs.
2026-01-04T17:41:40.949+0545 [DEBUG] [org.gradle.internal.execution.steps.AbstractCaptureStateBeforeExecutionStep] Implementation for task ':app:checkDebugAarMetadata': com.android.build.gradle.internal.tasks.CheckAarMetadataTask_Decorated@4635d1901842c7d1eb7822b67da950d1
2026-01-04T17:41:40.949+0545 [DEBUG] [org.gradle.internal.execution.steps.AbstractCaptureStateBeforeExecutionStep] Additional implementations for task ':app:checkDebugAarMetadata': [com.android.build.gradle.internal.tasks.CheckAarMetadataTask_Decorated@4635d1901842c7d1eb7822b67da950d1]
2026-01-04T17:41:40.951+0545 [DEBUG] [org.gradle.internal.operations.DefaultBuildOperationRunner] Build operation 'Fingerprint transform inputs' completed
2026-01-04T17:41:40.976+0545 [DEBUG] [org.gradle.internal.operations.DefaultBuildOperationRunner] Build operation 'Snapshot inputs and outputs before executing task ':app:checkDebugAarMetadata'' completed
2026-01-04T17:41:40.976+0545 [INFO] [org.gradle.internal.execution.steps.AbstractResolveCachingStateStep] Caching disabled for task ':app:checkDebugAarMetadata' because:
  Build cache is disabled
  Caching has been disabled for the task
2026-01-04T17:41:40.977+0545 [DEBUG] [org.gradle.internal.operations.DefaultBuildOperationRunner] Build operation 'Snapshot task inputs for :app:checkDebugAarMetadata' completed
2026-01-04T17:41:40.977+0545 [DEBUG] [org.gradle.internal.execution.steps.SkipUpToDateStep] Determining if task ':app:checkDebugAarMetadata' is up-to-date
2026-01-04T17:41:40.977+0545 [INFO] [org.gradle.internal.execution.steps.SkipUpToDateStep] Skipping task ':app:checkDebugAarMetadata' as it is up-to-date.
2026-01-04T17:41:40.978+0545 [DEBUG] [org.gradle.api.internal.tasks.execution.ResolveTaskExecutionModeExecuter] Removed task artifact state for task ':app:checkDebugAarMetadata' from context.
2026-01-04T17:41:40.981+0545 [DEBUG] [org.gradle.internal.operations.DefaultBuildOperationRunner] Completing Build operation 'Snapshot task inputs for :app:generateDebugResources'
2026-01-04T17:41:40.992+0545 [DEBUG] [org.gradle.internal.operations.DefaultBuildOperationRunner] Completing Build operation 'Task :app:checkDebugAarMetadata'
2026-01-04T17:41:40.993+0545 [DEBUG] [org.gradle.internal.operations.DefaultBuildOperationRunner] Build operation 'Task :app:checkDebugAarMetadata' completed
2026-01-04T17:41:40.993+0545 [DEBUG] [org.gradle.execution.plan.DefaultFinalizedExecutionPlan] Node :app:checkDebugAarMetadata completed, executed: true
2026-01-04T17:41:40.993+0545 [DEBUG] [org.gradle.execution.plan.DefaultFinalizedExecutionPlan] Node :app:checkDebugAarMetadata finished executing
2026-01-04T17:41:40.992+0545 [DEBUG] [org.gradle.internal.operations.DefaultBuildOperationRunner] Build operation 'Task :app:compileDebugShaders' completed
2026-01-04T17:41:40.993+0545 [DEBUG] [org.gradle.internal.operations.DefaultBuildOperationRunner] Build operation 'Fingerprint transform inputs' started
2026-01-04T17:41:40.993+0545 [DEBUG] [org.gradle.execution.plan.DefaultFinalizedExecutionPlan] Node :app:compileDebugShaders completed, executed: true
2026-01-04T17:41:40.994+0545 [DEBUG] [org.gradle.execution.plan.DefaultFinalizedExecutionPlan] Node :app:compileDebugShaders finished executing
2026-01-04T17:41:40.994+0545 [INFO] [org.gradle.execution.plan.DefaultPlanExecutor] Resolve mutations for :app:generateDebugAssets (Thread[included builds,5,main]) started.
2026-01-04T17:41:40.994+0545 [DEBUG] [org.gradle.internal.operations.DefaultBuildOperationRunner] Build operation 'Resolve mutations for task :app:generateDebugAssets' started
2026-01-04T17:41:40.994+0545 [DEBUG] [org.gradle.internal.operations.DefaultBuildOperationRunner] Completing Build operation 'Resolve mutations for task :app:generateDebugAssets'
2026-01-04T17:41:40.994+0545 [DEBUG] [org.gradle.internal.operations.DefaultBuildOperationRunner] Build operation 'Resolve mutations for task :app:generateDebugAssets' completed
2026-01-04T17:41:40.994+0545 [DEBUG] [org.gradle.execution.plan.DefaultFinalizedExecutionPlan] Node Resolve mutations for :app:generateDebugAssets completed, executed: true
2026-01-04T17:41:40.994+0545 [DEBUG] [org.gradle.execution.plan.DefaultFinalizedExecutionPlan] Node Resolve mutations for :app:generateDebugAssets finished executing
2026-01-04T17:41:40.992+0545 [DEBUG] [org.gradle.internal.operations.DefaultBuildOperationRunner] Build operation 'Resolve mutations for task :app:mergeDebugJniLibFolders' completed
2026-01-04T17:41:40.995+0545 [DEBUG] [org.gradle.execution.plan.DefaultFinalizedExecutionPlan] Node Resolve mutations for :app:mergeDebugJniLibFolders completed, executed: true
2026-01-04T17:41:40.988+0545 [DEBUG] [org.gradle.internal.operations.DefaultBuildOperationRunner] Completing Build operation 'Snapshot inputs and outputs before executing task ':app:extractDeepLinksDebug''
2026-01-04T17:41:40.988+0545 [DEBUG] [org.gradle.internal.operations.DefaultBuildOperationRunner] Completing Build operation 'Snapshot inputs and outputs before executing task ':app:mapDebugSourceSetPaths''
2026-01-04T17:41:40.996+0545 [DEBUG] [org.gradle.internal.operations.DefaultBuildOperationRunner] Completing Build operation 'Snapshot task inputs for :app:extractDeepLinksDebug'
2026-01-04T17:41:40.995+0545 [DEBUG] [org.gradle.internal.operations.DefaultBuildOperationRunner] Build operation 'Snapshot task inputs for :app:mergeDebugStartupProfile' started
2026-01-04T17:41:40.998+0545 [DEBUG] [org.gradle.internal.operations.DefaultBuildOperationRunner] Build operation 'Snapshot inputs and outputs before executing task ':app:mergeDebugStartupProfile'' started
2026-01-04T17:41:40.995+0545 [DEBUG] [org.gradle.execution.plan.DefaultFinalizedExecutionPlan] Node Resolve mutations for :app:mergeDebugJniLibFolders finished executing
2026-01-04T17:41:40.995+0545 [INFO] [org.gradle.execution.plan.DefaultPlanExecutor] :app:generateDebugAssets (Thread[included builds,5,main]) started.
2026-01-04T17:41:41.000+0545 [DEBUG] [org.gradle.internal.operations.DefaultBuildOperationRunner] Build operation 'Task :app:generateDebugAssets' started
2026-01-04T17:41:41.000+0545 [LIFECYCLE] [class org.gradle.internal.buildevents.TaskExecutionLogger] 
2026-01-04T17:41:41.000+0545 [LIFECYCLE] [class org.gradle.internal.buildevents.TaskExecutionLogger] > Task :app:generateDebugAssets UP-TO-DATE
2026-01-04T17:41:41.000+0545 [INFO] [org.gradle.api.internal.tasks.execution.SkipTaskWithNoActionsExecuter] Skipping task ':app:generateDebugAssets' as it has no actions.
2026-01-04T17:41:41.001+0545 [DEBUG] [org.gradle.internal.operations.DefaultBuildOperationRunner] Completing Build operation 'Task :app:generateDebugAssets'
2026-01-04T17:41:41.001+0545 [DEBUG] [org.gradle.internal.operations.DefaultBuildOperationRunner] Build operation 'Task :app:generateDebugAssets' completed
2026-01-04T17:41:41.001+0545 [DEBUG] [org.gradle.execution.plan.DefaultFinalizedExecutionPlan] Node :app:generateDebugAssets completed, executed: true
2026-01-04T17:41:41.001+0545 [DEBUG] [org.gradle.execution.plan.DefaultFinalizedExecutionPlan] Node :app:generateDebugAssets finished executing
2026-01-04T17:41:41.001+0545 [INFO] [org.gradle.execution.plan.DefaultPlanExecutor] Resolve mutations for :app:mergeDebugAssets (Thread[included builds,5,main]) started.
2026-01-04T17:41:41.001+0545 [DEBUG] [org.gradle.internal.operations.DefaultBuildOperationRunner] Build operation 'Resolve mutations for task :app:mergeDebugAssets' started
2026-01-04T17:41:40.994+0545 [DEBUG] [org.gradle.internal.operations.DefaultBuildOperationRunner] Completing Build operation 'Fingerprint transform inputs'
2026-01-04T17:41:40.993+0545 [INFO] [org.gradle.execution.plan.DefaultPlanExecutor] Resolve mutations for :app:validateSigningDebug (Thread[Execution worker Thread 4,5,main]) started.
2026-01-04T17:41:41.002+0545 [DEBUG] [org.gradle.internal.operations.DefaultBuildOperationRunner] Completing Build operation 'Resolve mutations for task :app:mergeDebugAssets'
2026-01-04T17:41:41.002+0545 [DEBUG] [org.gradle.internal.operations.DefaultBuildOperationRunner] Build operation 'Resolve mutations for task :app:mergeDebugAssets' completed
2026-01-04T17:41:40.951+0545 [LIFECYCLE] [class org.gradle.internal.buildevents.TaskExecutionLogger] 
2026-01-04T17:41:40.951+0545 [LIFECYCLE] [class org.gradle.internal.buildevents.TaskExecutionLogger] > Task :app:generateDebugResources UP-TO-DATE
2026-01-04T17:41:40.954+0545 [DEBUG] [org.gradle.api.internal.tasks.execution.ResolveTaskExecutionModeExecuter] Putting task artifact state for task ':app:generateDebugResources' into context took 0.0 secs.
2026-01-04T17:41:40.955+0545 [DEBUG] [org.gradle.internal.execution.steps.AbstractCaptureStateBeforeExecutionStep] Implementation for task ':app:generateDebugResources': com.android.build.gradle.internal.tasks.ValidateResourcesTask_Decorated@4635d1901842c7d1eb7822b67da950d1
2026-01-04T17:41:40.955+0545 [DEBUG] [org.gradle.internal.execution.steps.AbstractCaptureStateBeforeExecutionStep] Additional implementations for task ':app:generateDebugResources': [com.android.build.gradle.internal.tasks.ValidateResourcesTask_Decorated@4635d1901842c7d1eb7822b67da950d1]
2026-01-04T17:41:40.957+0545 [DEBUG] [org.gradle.internal.operations.DefaultBuildOperationRunner] Build operation 'Snapshot inputs and outputs before executing task ':app:generateDebugResources'' completed
2026-01-04T17:41:40.969+0545 [INFO] [org.gradle.internal.execution.steps.AbstractResolveCachingStateStep] Caching disabled for task ':app:generateDebugResources' because:
  Build cache is disabled
2026-01-04T17:41:40.992+0545 [DEBUG] [org.gradle.internal.operations.DefaultBuildOperationRunner] Build operation 'Snapshot task inputs for :app:generateDebugResources' completed
2026-01-04T17:41:40.992+0545 [DEBUG] [org.gradle.internal.execution.steps.SkipUpToDateStep] Determining if task ':app:generateDebugResources' is up-to-date
2026-01-04T17:41:40.992+0545 [INFO] [org.gradle.internal.execution.steps.SkipUpToDateStep] Skipping task ':app:generateDebugResources' as it is up-to-date.
2026-01-04T17:41:40.992+0545 [DEBUG] [org.gradle.api.internal.tasks.execution.ResolveTaskExecutionModeExecuter] Removed task artifact state for task ':app:generateDebugResources' from context.
2026-01-04T17:41:41.002+0545 [DEBUG] [org.gradle.execution.plan.DefaultFinalizedExecutionPlan] Node Resolve mutations for :app:mergeDebugAssets completed, executed: true
2026-01-04T17:41:41.002+0545 [DEBUG] [org.gradle.internal.operations.DefaultBuildOperationRunner] Build operation 'Resolve mutations for task :app:validateSigningDebug' started
2026-01-04T17:41:41.003+0545 [DEBUG] [org.gradle.internal.operations.DefaultBuildOperationRunner] Completing Build operation 'Task :app:generateDebugResources'
2026-01-04T17:41:41.003+0545 [DEBUG] [org.gradle.internal.operations.DefaultBuildOperationRunner] Completing Build operation 'Resolve mutations for task :app:validateSigningDebug'
2026-01-04T17:41:41.003+0545 [DEBUG] [org.gradle.internal.operations.DefaultBuildOperationRunner] Build operation 'Resolve mutations for task :app:validateSigningDebug' completed
2026-01-04T17:41:41.000+0545 [INFO] [org.gradle.execution.plan.DefaultPlanExecutor] :app:mergeDebugJniLibFolders (Thread[Execution worker Thread 2,5,main]) started.
2026-01-04T17:41:41.000+0545 [DEBUG] [org.gradle.internal.operations.DefaultBuildOperationRunner] Completing Build operation 'Snapshot inputs and outputs before executing task ':app:mergeDebugStartupProfile''
2026-01-04T17:41:41.004+0545 [DEBUG] [org.gradle.internal.operations.DefaultBuildOperationRunner] Build operation 'Task :app:mergeDebugJniLibFolders' started
2026-01-04T17:41:41.004+0545 [DEBUG] [org.gradle.internal.operations.DefaultBuildOperationRunner] Completing Build operation 'Snapshot task inputs for :app:mapDebugSourceSetPaths'
2026-01-04T17:41:40.961+0545 [LIFECYCLE] [class org.gradle.internal.buildevents.TaskExecutionLogger] 
2026-01-04T17:41:40.961+0545 [LIFECYCLE] [class org.gradle.internal.buildevents.TaskExecutionLogger] > Task :app:mapDebugSourceSetPaths UP-TO-DATE
2026-01-04T17:41:40.961+0545 [DEBUG] [org.gradle.api.internal.tasks.execution.ResolveTaskExecutionModeExecuter] Putting task artifact state for task ':app:mapDebugSourceSetPaths' into context took 0.0 secs.
2026-01-04T17:41:40.962+0545 [DEBUG] [org.gradle.internal.execution.steps.AbstractCaptureStateBeforeExecutionStep] Implementation for task ':app:mapDebugSourceSetPaths': com.android.build.gradle.tasks.MapSourceSetPathsTask_Decorated@4635d1901842c7d1eb7822b67da950d1
2026-01-04T17:41:40.962+0545 [DEBUG] [org.gradle.internal.execution.steps.AbstractCaptureStateBeforeExecutionStep] Additional implementations for task ':app:mapDebugSourceSetPaths': [com.android.build.gradle.tasks.MapSourceSetPathsTask_Decorated@4635d1901842c7d1eb7822b67da950d1]
2026-01-04T17:41:40.978+0545 [DEBUG] [org.gradle.internal.operations.DefaultBuildOperationRunner] Build operation 'Fingerprint transform inputs' completed
2026-01-04T17:41:40.995+0545 [DEBUG] [org.gradle.internal.operations.DefaultBuildOperationRunner] Build operation 'Snapshot inputs and outputs before executing task ':app:mapDebugSourceSetPaths'' completed
2026-01-04T17:41:40.997+0545 [INFO] [org.gradle.internal.execution.steps.AbstractResolveCachingStateStep] Caching disabled for task ':app:mapDebugSourceSetPaths' because:
  Build cache is disabled
  Caching has been disabled for the task
2026-01-04T17:41:41.004+0545 [DEBUG] [org.gradle.internal.operations.DefaultBuildOperationRunner] Build operation 'Snapshot task inputs for :app:mapDebugSourceSetPaths' completed
2026-01-04T17:41:41.005+0545 [DEBUG] [org.gradle.internal.execution.steps.SkipUpToDateStep] Determining if task ':app:mapDebugSourceSetPaths' is up-to-date
2026-01-04T17:41:41.005+0545 [INFO] [org.gradle.internal.execution.steps.SkipUpToDateStep] Skipping task ':app:mapDebugSourceSetPaths' as it is up-to-date.
2026-01-04T17:41:41.005+0545 [DEBUG] [org.gradle.api.internal.tasks.execution.ResolveTaskExecutionModeExecuter] Removed task artifact state for task ':app:mapDebugSourceSetPaths' from context.
2026-01-04T17:41:41.005+0545 [DEBUG] [org.gradle.internal.operations.DefaultBuildOperationRunner] Completing Build operation 'Task :app:mapDebugSourceSetPaths'
2026-01-04T17:41:41.005+0545 [DEBUG] [org.gradle.internal.operations.DefaultBuildOperationRunner] Build operation 'Task :app:mapDebugSourceSetPaths' completed
2026-01-04T17:41:41.007+0545 [DEBUG] [org.gradle.internal.operations.DefaultBuildOperationRunner] Completing Build operation 'Snapshot task inputs for :app:mergeDebugStartupProfile'
2026-01-04T17:41:40.989+0545 [LIFECYCLE] [class org.gradle.internal.buildevents.TaskExecutionLogger] 
2026-01-04T17:41:40.989+0545 [LIFECYCLE] [class org.gradle.internal.buildevents.TaskExecutionLogger] > Task :app:mergeDebugStartupProfile UP-TO-DATE
2026-01-04T17:41:40.995+0545 [DEBUG] [org.gradle.api.internal.tasks.execution.ResolveTaskExecutionModeExecuter] Putting task artifact state for task ':app:mergeDebugStartupProfile' into context took 0.0 secs.
2026-01-04T17:41:40.999+0545 [DEBUG] [org.gradle.internal.execution.steps.AbstractCaptureStateBeforeExecutionStep] Implementation for task ':app:mergeDebugStartupProfile': com.android.build.gradle.internal.tasks.MergeStartupProfileTask_Decorated@4635d1901842c7d1eb7822b67da950d1
2026-01-04T17:41:40.999+0545 [DEBUG] [org.gradle.internal.execution.steps.AbstractCaptureStateBeforeExecutionStep] Additional implementations for task ':app:mergeDebugStartupProfile': [com.android.build.gradle.internal.tasks.MergeStartupProfileTask_Decorated@4635d1901842c7d1eb7822b67da950d1]
2026-01-04T17:41:41.004+0545 [DEBUG] [org.gradle.internal.operations.DefaultBuildOperationRunner] Build operation 'Snapshot inputs and outputs before executing task ':app:mergeDebugStartupProfile'' completed
2026-01-04T17:41:41.007+0545 [INFO] [org.gradle.internal.execution.steps.AbstractResolveCachingStateStep] Caching disabled for task ':app:mergeDebugStartupProfile' because:
  Build cache is disabled
  Simple merging task
2026-01-04T17:41:41.007+0545 [DEBUG] [org.gradle.internal.operations.DefaultBuildOperationRunner] Build operation 'Snapshot task inputs for :app:mergeDebugStartupProfile' completed
2026-01-04T17:41:41.007+0545 [DEBUG] [org.gradle.internal.execution.steps.SkipUpToDateStep] Determining if task ':app:mergeDebugStartupProfile' is up-to-date
2026-01-04T17:41:41.007+0545 [INFO] [org.gradle.internal.execution.steps.SkipUpToDateStep] Skipping task ':app:mergeDebugStartupProfile' as it is up-to-date.
2026-01-04T17:41:41.009+0545 [DEBUG] [org.gradle.api.internal.tasks.execution.ResolveTaskExecutionModeExecuter] Removed task artifact state for task ':app:mergeDebugStartupProfile' from context.
2026-01-04T17:41:41.009+0545 [DEBUG] [org.gradle.internal.operations.DefaultBuildOperationRunner] Completing Build operation 'Task :app:mergeDebugStartupProfile'
2026-01-04T17:41:41.009+0545 [DEBUG] [org.gradle.internal.operations.DefaultBuildOperationRunner] Build operation 'Task :app:mergeDebugStartupProfile' completed
2026-01-04T17:41:41.003+0545 [DEBUG] [org.gradle.internal.operations.DefaultBuildOperationRunner] Build operation 'Task :app:generateDebugResources' completed
2026-01-04T17:41:41.002+0545 [DEBUG] [org.gradle.execution.plan.DefaultFinalizedExecutionPlan] Node Resolve mutations for :app:mergeDebugAssets finished executing
2026-01-04T17:41:41.010+0545 [DEBUG] [org.gradle.execution.plan.DefaultFinalizedExecutionPlan] Node :app:generateDebugResources completed, executed: true
2026-01-04T17:41:41.010+0545 [DEBUG] [org.gradle.execution.plan.DefaultFinalizedExecutionPlan] Node :app:generateDebugResources finished executing
2026-01-04T17:41:40.969+0545 [LIFECYCLE] [class org.gradle.internal.buildevents.TaskExecutionLogger] 
2026-01-04T17:41:40.969+0545 [LIFECYCLE] [class org.gradle.internal.buildevents.TaskExecutionLogger] > Task :app:extractDeepLinksDebug UP-TO-DATE
2026-01-04T17:41:40.980+0545 [DEBUG] [org.gradle.api.internal.tasks.execution.ResolveTaskExecutionModeExecuter] Putting task artifact state for task ':app:extractDeepLinksDebug' into context took 0.0 secs.
2026-01-04T17:41:40.985+0545 [DEBUG] [org.gradle.internal.execution.steps.AbstractCaptureStateBeforeExecutionStep] Implementation for task ':app:extractDeepLinksDebug': com.android.build.gradle.tasks.ExtractDeepLinksTask_Decorated@4635d1901842c7d1eb7822b67da950d1
2026-01-04T17:41:40.985+0545 [DEBUG] [org.gradle.internal.execution.steps.AbstractCaptureStateBeforeExecutionStep] Additional implementations for task ':app:extractDeepLinksDebug': [com.android.build.gradle.tasks.ExtractDeepLinksTask_Decorated@4635d1901842c7d1eb7822b67da950d1]
2026-01-04T17:41:40.995+0545 [DEBUG] [org.gradle.internal.operations.DefaultBuildOperationRunner] Build operation 'Snapshot inputs and outputs before executing task ':app:extractDeepLinksDebug'' completed
2026-01-04T17:41:40.996+0545 [INFO] [org.gradle.internal.execution.steps.AbstractResolveCachingStateStep] Caching disabled for task ':app:extractDeepLinksDebug' because:
  Build cache is disabled
2026-01-04T17:41:41.001+0545 [DEBUG] [org.gradle.internal.operations.DefaultBuildOperationRunner] Build operation 'Snapshot task inputs for :app:extractDeepLinksDebug' completed
2026-01-04T17:41:41.003+0545 [DEBUG] [org.gradle.internal.execution.steps.SkipUpToDateStep] Determining if task ':app:extractDeepLinksDebug' is up-to-date
2026-01-04T17:41:41.003+0545 [INFO] [org.gradle.internal.execution.steps.SkipUpToDateStep] Skipping task ':app:extractDeepLinksDebug' as it is up-to-date.
2026-01-04T17:41:41.005+0545 [DEBUG] [org.gradle.api.internal.tasks.execution.ResolveTaskExecutionModeExecuter] Removed task artifact state for task ':app:extractDeepLinksDebug' from context.
2026-01-04T17:41:41.010+0545 [DEBUG] [org.gradle.execution.plan.DefaultFinalizedExecutionPlan] Node :app:mergeDebugStartupProfile completed, executed: true
2026-01-04T17:41:41.010+0545 [DEBUG] [org.gradle.execution.plan.DefaultFinalizedExecutionPlan] Node :app:mergeDebugStartupProfile finished executing
2026-01-04T17:41:41.011+0545 [DEBUG] [org.gradle.internal.operations.DefaultBuildOperationRunner] Build operation 'Snapshot task inputs for :app:mergeDebugJniLibFolders' started
2026-01-04T17:41:41.011+0545 [INFO] [org.gradle.execution.plan.DefaultPlanExecutor] :app:mergeDebugAssets (Thread[included builds,5,main]) started.
2026-01-04T17:41:41.011+0545 [DEBUG] [org.gradle.internal.operations.DefaultBuildOperationRunner] Completing Build operation 'Task :app:extractDeepLinksDebug'
2026-01-04T17:41:41.011+0545 [DEBUG] [org.gradle.internal.operations.DefaultBuildOperationRunner] Build operation 'Task :app:extractDeepLinksDebug' completed
2026-01-04T17:41:41.011+0545 [DEBUG] [org.gradle.execution.plan.DefaultFinalizedExecutionPlan] Node :app:mapDebugSourceSetPaths completed, executed: true
2026-01-04T17:41:41.012+0545 [DEBUG] [org.gradle.execution.plan.DefaultFinalizedExecutionPlan] Node :app:mapDebugSourceSetPaths finished executing
2026-01-04T17:41:41.012+0545 [DEBUG] [org.gradle.internal.operations.DefaultBuildOperationRunner] Completing Build operation 'Snapshot inputs and outputs before executing task ':app:checkDebugDuplicateClasses''
2026-01-04T17:41:41.011+0545 [INFO] [org.gradle.execution.plan.DefaultPlanExecutor] Resolve mutations for :app:packageDebugResources (Thread[Execution worker Thread 7,5,main]) started.
2026-01-04T17:41:41.013+0545 [DEBUG] [org.gradle.internal.operations.DefaultBuildOperationRunner] Build operation 'Resolve mutations for task :app:packageDebugResources' started
2026-01-04T17:41:41.014+0545 [DEBUG] [org.gradle.internal.operations.DefaultBuildOperationRunner] Completing Build operation 'Resolve mutations for task :app:packageDebugResources'
2026-01-04T17:41:41.010+0545 [INFO] [org.gradle.execution.plan.DefaultPlanExecutor] Resolve mutations for :app:mergeDebugResources (Thread[Execution worker,5,main]) started.
2026-01-04T17:41:41.017+0545 [DEBUG] [org.gradle.internal.operations.DefaultBuildOperationRunner] Build operation 'Resolve mutations for task :app:packageDebugResources' completed
2026-01-04T17:41:41.012+0545 [DEBUG] [org.gradle.execution.plan.DefaultFinalizedExecutionPlan] Node Resolve mutations for :app:validateSigningDebug completed, executed: true
2026-01-04T17:41:41.017+0545 [DEBUG] [org.gradle.execution.plan.DefaultFinalizedExecutionPlan] Node Resolve mutations for :app:validateSigningDebug finished executing
2026-01-04T17:41:41.018+0545 [INFO] [org.gradle.execution.plan.DefaultPlanExecutor] :app:validateSigningDebug (Thread[Execution worker Thread 4,5,main]) started.
2026-01-04T17:41:41.018+0545 [DEBUG] [org.gradle.internal.operations.DefaultBuildOperationRunner] Build operation 'Task :app:validateSigningDebug' started
2026-01-04T17:41:41.018+0545 [DEBUG] [org.gradle.execution.plan.DefaultFinalizedExecutionPlan] Node Resolve mutations for :app:packageDebugResources completed, executed: true
2026-01-04T17:41:41.018+0545 [DEBUG] [org.gradle.internal.operations.DefaultBuildOperationRunner] Completing Build operation 'Snapshot task inputs for :app:checkDebugDuplicateClasses'
2026-01-04T17:41:41.012+0545 [INFO] [org.gradle.execution.plan.DefaultPlanExecutor] Resolve mutations for :app:writeDebugAppMetadata (Thread[Execution worker Thread 5,5,main]) started.
2026-01-04T17:41:41.019+0545 [DEBUG] [org.gradle.internal.operations.DefaultBuildOperationRunner] Build operation 'Resolve mutations for task :app:writeDebugAppMetadata' started
2026-01-04T17:41:41.011+0545 [DEBUG] [org.gradle.internal.operations.DefaultBuildOperationRunner] Build operation 'Task :app:mergeDebugAssets' started
2026-01-04T17:41:41.019+0545 [DEBUG] [org.gradle.internal.operations.DefaultBuildOperationRunner] Completing Build operation 'Resolve mutations for task :app:writeDebugAppMetadata'
2026-01-04T17:41:41.019+0545 [DEBUG] [org.gradle.internal.operations.DefaultBuildOperationRunner] Build operation 'Resolve mutations for task :app:writeDebugAppMetadata' completed
2026-01-04T17:41:41.011+0545 [DEBUG] [org.gradle.internal.operations.DefaultBuildOperationRunner] Build operation 'Snapshot inputs and outputs before executing task ':app:mergeDebugJniLibFolders'' started
2026-01-04T17:41:41.018+0545 [DEBUG] [org.gradle.execution.plan.DefaultFinalizedExecutionPlan] Node Resolve mutations for :app:packageDebugResources finished executing
2026-01-04T17:41:41.021+0545 [DEBUG] [org.gradle.internal.operations.DefaultBuildOperationRunner] Build operation 'Snapshot task inputs for :app:validateSigningDebug' started
2026-01-04T17:41:41.021+0545 [DEBUG] [org.gradle.internal.operations.DefaultBuildOperationRunner] Build operation 'Snapshot inputs and outputs before executing task ':app:validateSigningDebug'' started
2026-01-04T17:41:41.021+0545 [DEBUG] [org.gradle.internal.operations.DefaultBuildOperationRunner] Completing Build operation 'Snapshot inputs and outputs before executing task ':app:validateSigningDebug''
2026-01-04T17:41:41.017+0545 [DEBUG] [org.gradle.internal.operations.DefaultBuildOperationRunner] Build operation 'Resolve mutations for task :app:mergeDebugResources' started
2026-01-04T17:41:41.021+0545 [DEBUG] [org.gradle.internal.operations.DefaultBuildOperationRunner] Completing Build operation 'Snapshot inputs and outputs before executing task ':app:mergeDebugJniLibFolders''
2026-01-04T17:41:41.020+0545 [DEBUG] [org.gradle.execution.plan.DefaultFinalizedExecutionPlan] Node :app:extractDeepLinksDebug completed, executed: true
2026-01-04T17:41:41.023+0545 [DEBUG] [org.gradle.execution.plan.DefaultFinalizedExecutionPlan] Node :app:extractDeepLinksDebug finished executing
2026-01-04T17:41:40.974+0545 [LIFECYCLE] [class org.gradle.internal.buildevents.TaskExecutionLogger] 
2026-01-04T17:41:40.974+0545 [LIFECYCLE] [class org.gradle.internal.buildevents.TaskExecutionLogger] > Task :app:checkDebugDuplicateClasses UP-TO-DATE
2026-01-04T17:41:40.974+0545 [DEBUG] [org.gradle.api.internal.tasks.execution.ResolveTaskExecutionModeExecuter] Putting task artifact state for task ':app:checkDebugDuplicateClasses' into context took 0.0 secs.
2026-01-04T17:41:40.986+0545 [DEBUG] [org.gradle.internal.execution.steps.AbstractCaptureStateBeforeExecutionStep] Implementation for task ':app:checkDebugDuplicateClasses': com.android.build.gradle.internal.tasks.CheckDuplicateClassesTask_Decorated@4635d1901842c7d1eb7822b67da950d1
2026-01-04T17:41:40.986+0545 [DEBUG] [org.gradle.internal.execution.steps.AbstractCaptureStateBeforeExecutionStep] Additional implementations for task ':app:checkDebugDuplicateClasses': [com.android.build.gradle.internal.tasks.CheckDuplicateClassesTask_Decorated@4635d1901842c7d1eb7822b67da950d1]
2026-01-04T17:41:40.987+0545 [DEBUG] [org.gradle.internal.operations.DefaultBuildOperationRunner] Build operation 'Fingerprint transform inputs' completed
2026-01-04T17:41:40.989+0545 [DEBUG] [org.gradle.internal.operations.DefaultBuildOperationRunner] Build operation 'Fingerprint transform inputs' completed
2026-01-04T17:41:41.002+0545 [DEBUG] [org.gradle.internal.operations.DefaultBuildOperationRunner] Build operation 'Fingerprint transform inputs' completed
2026-01-04T17:41:41.017+0545 [DEBUG] [org.gradle.internal.operations.DefaultBuildOperationRunner] Build operation 'Snapshot inputs and outputs before executing task ':app:checkDebugDuplicateClasses'' completed
2026-01-04T17:41:41.018+0545 [INFO] [org.gradle.internal.execution.steps.AbstractResolveCachingStateStep] Caching disabled for task ':app:checkDebugDuplicateClasses' because:
  Build cache is disabled
  Caching has been disabled for the task
2026-01-04T17:41:41.018+0545 [DEBUG] [org.gradle.internal.operations.DefaultBuildOperationRunner] Build operation 'Snapshot task inputs for :app:checkDebugDuplicateClasses' completed
2026-01-04T17:41:41.018+0545 [DEBUG] [org.gradle.internal.execution.steps.SkipUpToDateStep] Determining if task ':app:checkDebugDuplicateClasses' is up-to-date
2026-01-04T17:41:41.019+0545 [INFO] [org.gradle.internal.execution.steps.SkipUpToDateStep] Skipping task ':app:checkDebugDuplicateClasses' as it is up-to-date.
2026-01-04T17:41:41.019+0545 [DEBUG] [org.gradle.api.internal.tasks.execution.ResolveTaskExecutionModeExecuter] Removed task artifact state for task ':app:checkDebugDuplicateClasses' from context.
2026-01-04T17:41:41.023+0545 [DEBUG] [org.gradle.internal.operations.DefaultBuildOperationRunner] Completing Build operation 'Snapshot task inputs for :app:validateSigningDebug'
2026-01-04T17:41:41.025+0545 [INFO] [org.gradle.execution.plan.DefaultPlanExecutor] :app:packageDebugResources (Thread[Execution worker Thread 3,5,main]) started.
2026-01-04T17:41:41.025+0545 [DEBUG] [org.gradle.internal.operations.DefaultBuildOperationRunner] Build operation 'Task :app:packageDebugResources' started
2026-01-04T17:41:41.025+0545 [DEBUG] [org.gradle.internal.operations.DefaultBuildOperationRunner] Completing Build operation 'Resolve mutations for task :app:mergeDebugResources'
2026-01-04T17:41:41.026+0545 [DEBUG] [org.gradle.internal.operations.DefaultBuildOperationRunner] Completing Build operation 'Task :app:checkDebugDuplicateClasses'
2026-01-04T17:41:41.026+0545 [DEBUG] [org.gradle.internal.operations.DefaultBuildOperationRunner] Build operation 'Task :app:checkDebugDuplicateClasses' completed
2026-01-04T17:41:41.026+0545 [DEBUG] [org.gradle.internal.operations.DefaultBuildOperationRunner] Build operation 'Snapshot task inputs for :app:mergeDebugAssets' started
2026-01-04T17:41:41.026+0545 [DEBUG] [org.gradle.internal.operations.DefaultBuildOperationRunner] Build operation 'Snapshot inputs and outputs before executing task ':app:mergeDebugAssets'' started
2026-01-04T17:41:41.027+0545 [DEBUG] [org.gradle.internal.operations.DefaultBuildOperationRunner] Completing Build operation 'Snapshot task inputs for :app:mergeDebugJniLibFolders'
2026-01-04T17:41:41.004+0545 [LIFECYCLE] [class org.gradle.internal.buildevents.TaskExecutionLogger] 
2026-01-04T17:41:41.004+0545 [LIFECYCLE] [class org.gradle.internal.buildevents.TaskExecutionLogger] > Task :app:mergeDebugJniLibFolders UP-TO-DATE
2026-01-04T17:41:41.004+0545 [DEBUG] [org.gradle.api.internal.tasks.execution.ResolveTaskExecutionModeExecuter] Putting task artifact state for task ':app:mergeDebugJniLibFolders' into context took 0.0 secs.
2026-01-04T17:41:41.020+0545 [DEBUG] [org.gradle.internal.execution.steps.AbstractCaptureStateBeforeExecutionStep] Implementation for task ':app:mergeDebugJniLibFolders': com.android.build.gradle.tasks.MergeSourceSetFolders_Decorated@4635d1901842c7d1eb7822b67da950d1
2026-01-04T17:41:41.020+0545 [DEBUG] [org.gradle.internal.execution.steps.AbstractCaptureStateBeforeExecutionStep] Additional implementations for task ':app:mergeDebugJniLibFolders': [com.android.build.gradle.tasks.MergeSourceSetFolders_Decorated@4635d1901842c7d1eb7822b67da950d1]
2026-01-04T17:41:41.023+0545 [DEBUG] [org.gradle.internal.operations.DefaultBuildOperationRunner] Build operation 'Snapshot inputs and outputs before executing task ':app:mergeDebugJniLibFolders'' completed
2026-01-04T17:41:41.027+0545 [INFO] [org.gradle.internal.execution.steps.AbstractResolveCachingStateStep] Caching disabled for task ':app:mergeDebugJniLibFolders' because:
  Build cache is disabled
  Simple merging task
2026-01-04T17:41:41.027+0545 [DEBUG] [org.gradle.internal.operations.DefaultBuildOperationRunner] Build operation 'Snapshot task inputs for :app:mergeDebugJniLibFolders' completed
2026-01-04T17:41:41.027+0545 [DEBUG] [org.gradle.internal.execution.steps.SkipUpToDateStep] Determining if task ':app:mergeDebugJniLibFolders' is up-to-date
2026-01-04T17:41:41.027+0545 [INFO] [org.gradle.internal.execution.steps.SkipUpToDateStep] Skipping task ':app:mergeDebugJniLibFolders' as it is up-to-date.
2026-01-04T17:41:41.027+0545 [DEBUG] [org.gradle.api.internal.tasks.execution.ResolveTaskExecutionModeExecuter] Removed task artifact state for task ':app:mergeDebugJniLibFolders' from context.
2026-01-04T17:41:41.026+0545 [DEBUG] [org.gradle.execution.plan.DefaultFinalizedExecutionPlan] Node :app:checkDebugDuplicateClasses completed, executed: true
2026-01-04T17:41:41.028+0545 [DEBUG] [org.gradle.execution.plan.DefaultFinalizedExecutionPlan] Node :app:checkDebugDuplicateClasses finished executing
2026-01-04T17:41:41.028+0545 [INFO] [org.gradle.execution.plan.DefaultPlanExecutor] Resolve mutations for :app:processDebugMainManifest (Thread[Execution worker Thread 7,5,main]) started.
2026-01-04T17:41:41.028+0545 [DEBUG] [org.gradle.internal.operations.DefaultBuildOperationRunner] Build operation 'Resolve mutations for task :app:processDebugMainManifest' started
2026-01-04T17:41:41.028+0545 [DEBUG] [org.gradle.internal.operations.DefaultBuildOperationRunner] Build operation 'Fingerprint transform inputs' started
2026-01-04T17:41:41.029+0545 [DEBUG] [org.gradle.internal.operations.DefaultBuildOperationRunner] Completing Build operation 'Fingerprint transform inputs'
2026-01-04T17:41:41.029+0545 [DEBUG] [org.gradle.internal.operations.DefaultBuildOperationRunner] Completing Build operation 'Resolve mutations for task :app:processDebugMainManifest'
2026-01-04T17:41:41.029+0545 [DEBUG] [org.gradle.internal.operations.DefaultBuildOperationRunner] Build operation 'Resolve mutations for task :app:processDebugMainManifest' completed
2026-01-04T17:41:41.026+0545 [DEBUG] [org.gradle.internal.operations.DefaultBuildOperationRunner] Build operation 'Resolve mutations for task :app:mergeDebugResources' completed
2026-01-04T17:41:41.029+0545 [DEBUG] [org.gradle.execution.plan.DefaultFinalizedExecutionPlan] Node Resolve mutations for :app:writeDebugAppMetadata completed, executed: true
2026-01-04T17:41:41.027+0545 [DEBUG] [org.gradle.internal.operations.DefaultBuildOperationRunner] Completing Build operation 'Task :app:mergeDebugJniLibFolders'
2026-01-04T17:41:41.018+0545 [LIFECYCLE] [class org.gradle.internal.buildevents.TaskExecutionLogger] 
2026-01-04T17:41:41.018+0545 [LIFECYCLE] [class org.gradle.internal.buildevents.TaskExecutionLogger] > Task :app:validateSigningDebug UP-TO-DATE
2026-01-04T17:41:41.020+0545 [DEBUG] [org.gradle.api.internal.tasks.execution.ResolveTaskExecutionModeExecuter] Putting task artifact state for task ':app:validateSigningDebug' into context took 0.0 secs.
2026-01-04T17:41:41.021+0545 [DEBUG] [org.gradle.internal.execution.steps.AbstractCaptureStateBeforeExecutionStep] Implementation for task ':app:validateSigningDebug': com.android.build.gradle.internal.tasks.ValidateSigningTask_Decorated@4635d1901842c7d1eb7822b67da950d1
2026-01-04T17:41:41.021+0545 [DEBUG] [org.gradle.internal.execution.steps.AbstractCaptureStateBeforeExecutionStep] Additional implementations for task ':app:validateSigningDebug': [com.android.build.gradle.internal.tasks.ValidateSigningTask_Decorated@4635d1901842c7d1eb7822b67da950d1]
2026-01-04T17:41:41.021+0545 [DEBUG] [org.gradle.internal.operations.DefaultBuildOperationRunner] Build operation 'Snapshot inputs and outputs before executing task ':app:validateSigningDebug'' completed
2026-01-04T17:41:41.022+0545 [INFO] [org.gradle.internal.execution.steps.AbstractResolveCachingStateStep] Caching disabled for task ':app:validateSigningDebug' because:
  Build cache is disabled
  Caching has been disabled for the task
2026-01-04T17:41:41.024+0545 [DEBUG] [org.gradle.internal.operations.DefaultBuildOperationRunner] Build operation 'Snapshot task inputs for :app:validateSigningDebug' completed
2026-01-04T17:41:41.024+0545 [DEBUG] [org.gradle.internal.execution.steps.SkipUpToDateStep] Determining if task ':app:validateSigningDebug' is up-to-date
2026-01-04T17:41:41.024+0545 [INFO] [org.gradle.internal.execution.steps.SkipUpToDateStep] Skipping task ':app:validateSigningDebug' as it is up-to-date.
2026-01-04T17:41:41.027+0545 [DEBUG] [org.gradle.api.internal.tasks.execution.ResolveTaskExecutionModeExecuter] Removed task artifact state for task ':app:validateSigningDebug' from context.
2026-01-04T17:41:41.030+0545 [DEBUG] [org.gradle.internal.operations.DefaultBuildOperationRunner] Completing Build operation 'Task :app:validateSigningDebug'
2026-01-04T17:41:41.030+0545 [DEBUG] [org.gradle.internal.operations.DefaultBuildOperationRunner] Build operation 'Task :app:validateSigningDebug' completed
2026-01-04T17:41:41.031+0545 [DEBUG] [org.gradle.internal.operations.DefaultBuildOperationRunner] Build operation 'Snapshot task inputs for :app:packageDebugResources' started
2026-01-04T17:41:41.029+0545 [DEBUG] [org.gradle.execution.plan.DefaultFinalizedExecutionPlan] Node Resolve mutations for :app:writeDebugAppMetadata finished executing
2026-01-04T17:41:41.031+0545 [DEBUG] [org.gradle.internal.operations.DefaultBuildOperationRunner] Build operation 'Snapshot inputs and outputs before executing task ':app:packageDebugResources'' started
2026-01-04T17:41:41.031+0545 [DEBUG] [org.gradle.execution.plan.DefaultFinalizedExecutionPlan] Node :app:validateSigningDebug completed, executed: true
2026-01-04T17:41:41.031+0545 [DEBUG] [org.gradle.internal.operations.DefaultBuildOperationRunner] Build operation 'Task :app:mergeDebugJniLibFolders' completed
2026-01-04T17:41:41.032+0545 [DEBUG] [org.gradle.execution.plan.DefaultFinalizedExecutionPlan] Node :app:validateSigningDebug finished executing
2026-01-04T17:41:41.032+0545 [DEBUG] [org.gradle.execution.plan.DefaultFinalizedExecutionPlan] Node Resolve mutations for :app:mergeDebugResources completed, executed: true
2026-01-04T17:41:41.032+0545 [DEBUG] [org.gradle.execution.plan.DefaultFinalizedExecutionPlan] Node Resolve mutations for :app:mergeDebugResources finished executing
2026-01-04T17:41:41.033+0545 [DEBUG] [org.gradle.execution.plan.DefaultFinalizedExecutionPlan] Node Resolve mutations for :app:processDebugMainManifest completed, executed: true
2026-01-04T17:41:41.034+0545 [DEBUG] [org.gradle.internal.operations.DefaultBuildOperationRunner] Completing Build operation 'Snapshot inputs and outputs before executing task ':app:mergeDebugAssets''
2026-01-04T17:41:41.034+0545 [INFO] [org.gradle.execution.plan.DefaultPlanExecutor] Resolve mutations for :app:mergeExtDexDebug (Thread[Execution worker Thread 6,5,main]) started.
2026-01-04T17:41:41.034+0545 [DEBUG] [org.gradle.internal.operations.DefaultBuildOperationRunner] Build operation 'Resolve mutations for task :app:mergeExtDexDebug' started
2026-01-04T17:41:41.034+0545 [INFO] [org.gradle.execution.plan.DefaultPlanExecutor] :app:mergeDebugResources (Thread[Execution worker,5,main]) started.
2026-01-04T17:41:41.035+0545 [DEBUG] [org.gradle.internal.operations.DefaultBuildOperationRunner] Build operation 'Task :app:mergeDebugResources' started
2026-01-04T17:41:41.034+0545 [DEBUG] [org.gradle.execution.plan.DefaultFinalizedExecutionPlan] Node Resolve mutations for :app:processDebugMainManifest finished executing
2026-01-04T17:41:41.036+0545 [DEBUG] [org.gradle.internal.operations.DefaultBuildOperationRunner] Build operation 'Snapshot task inputs for :app:mergeDebugResources' started
2026-01-04T17:41:41.036+0545 [DEBUG] [org.gradle.internal.operations.DefaultBuildOperationRunner] Build operation 'Snapshot inputs and outputs before executing task ':app:mergeDebugResources'' started
2026-01-04T17:41:41.035+0545 [INFO] [org.gradle.execution.plan.DefaultPlanExecutor] :app:processDebugMainManifest (Thread[Execution worker Thread 7,5,main]) started.
2026-01-04T17:41:41.036+0545 [DEBUG] [org.gradle.internal.operations.DefaultBuildOperationRunner] Build operation 'Task :app:processDebugMainManifest' started
2026-01-04T17:41:41.037+0545 [INFO] [org.gradle.execution.plan.DefaultPlanExecutor] Resolve mutations for :app:mergeLibDexDebug (Thread[Execution worker Thread 4,5,main]) started.
2026-01-04T17:41:41.037+0545 [DEBUG] [org.gradle.internal.operations.DefaultBuildOperationRunner] Build operation 'Resolve mutations for task :app:mergeLibDexDebug' started
2026-01-04T17:41:41.037+0545 [DEBUG] [org.gradle.internal.operations.DefaultBuildOperationRunner] Build operation 'Snapshot task inputs for :app:processDebugMainManifest' started
2026-01-04T17:41:41.037+0545 [DEBUG] [org.gradle.internal.operations.DefaultBuildOperationRunner] Build operation 'Snapshot inputs and outputs before executing task ':app:processDebugMainManifest'' started
2026-01-04T17:41:41.037+0545 [DEBUG] [org.gradle.internal.operations.DefaultBuildOperationRunner] Completing Build operation 'Snapshot task inputs for :app:mergeDebugAssets'
2026-01-04T17:41:41.037+0545 [DEBUG] [org.gradle.internal.operations.DefaultBuildOperationRunner] Completing Build operation 'Resolve mutations for task :app:mergeExtDexDebug'
2026-01-04T17:41:41.038+0545 [DEBUG] [org.gradle.internal.operations.DefaultBuildOperationRunner] Build operation 'Resolve mutations for task :app:mergeExtDexDebug' completed
2026-01-04T17:41:41.040+0545 [DEBUG] [org.gradle.execution.plan.DefaultFinalizedExecutionPlan] Node :app:mergeDebugJniLibFolders completed, executed: true
2026-01-04T17:41:41.040+0545 [DEBUG] [org.gradle.execution.plan.DefaultFinalizedExecutionPlan] Node :app:mergeDebugJniLibFolders finished executing
2026-01-04T17:41:41.040+0545 [INFO] [org.gradle.execution.plan.DefaultPlanExecutor] Resolve mutations for :app:mergeDebugNativeLibs (Thread[Execution worker Thread 2,5,main]) started.
2026-01-04T17:41:41.040+0545 [INFO] [org.gradle.execution.plan.DefaultPlanExecutor] :app:writeDebugAppMetadata (Thread[Execution worker Thread 5,5,main]) started.
2026-01-04T17:41:41.041+0545 [DEBUG] [org.gradle.internal.operations.DefaultBuildOperationRunner] Build operation 'Task :app:writeDebugAppMetadata' started
2026-01-04T17:41:41.042+0545 [DEBUG] [org.gradle.internal.operations.DefaultBuildOperationRunner] Completing Build operation 'Resolve mutations for task :app:mergeLibDexDebug'
2026-01-04T17:41:41.042+0545 [DEBUG] [org.gradle.internal.operations.DefaultBuildOperationRunner] Build operation 'Resolve mutations for task :app:mergeLibDexDebug' completed
2026-01-04T17:41:41.041+0545 [DEBUG] [org.gradle.internal.operations.DefaultBuildOperationRunner] Completing Build operation 'Snapshot inputs and outputs before executing task ':app:mergeDebugResources''
2026-01-04T17:41:41.040+0545 [DEBUG] [org.gradle.execution.plan.DefaultFinalizedExecutionPlan] Node Resolve mutations for :app:mergeExtDexDebug completed, executed: true
2026-01-04T17:41:41.042+0545 [DEBUG] [org.gradle.execution.plan.DefaultFinalizedExecutionPlan] Node Resolve mutations for :app:mergeExtDexDebug finished executing
2026-01-04T17:41:41.040+0545 [DEBUG] [org.gradle.internal.operations.DefaultBuildOperationRunner] Build operation 'Resolve mutations for task :app:mergeDebugNativeLibs' started
2026-01-04T17:41:41.040+0545 [DEBUG] [org.gradle.internal.operations.DefaultBuildOperationRunner] Completing Build operation 'Snapshot inputs and outputs before executing task ':app:packageDebugResources''
2026-01-04T17:41:41.042+0545 [DEBUG] [org.gradle.execution.plan.DefaultFinalizedExecutionPlan] Node Resolve mutations for :app:mergeLibDexDebug completed, executed: true
2026-01-04T17:41:41.043+0545 [DEBUG] [org.gradle.execution.plan.DefaultFinalizedExecutionPlan] Node Resolve mutations for :app:mergeLibDexDebug finished executing
2026-01-04T17:41:41.043+0545 [INFO] [org.gradle.execution.plan.DefaultPlanExecutor] :app:mergeExtDexDebug (Thread[Execution worker Thread 4,5,main]) started.
2026-01-04T17:41:41.043+0545 [DEBUG] [org.gradle.internal.operations.DefaultBuildOperationRunner] Completing Build operation 'Resolve mutations for task :app:mergeDebugNativeLibs'
2026-01-04T17:41:41.043+0545 [DEBUG] [org.gradle.internal.operations.DefaultBuildOperationRunner] Build operation 'Resolve mutations for task :app:mergeDebugNativeLibs' completed
2026-01-04T17:41:41.043+0545 [INFO] [org.gradle.execution.plan.DefaultPlanExecutor] :app:mergeLibDexDebug (Thread[Execution worker Thread 6,5,main]) started.
2026-01-04T17:41:41.043+0545 [DEBUG] [org.gradle.internal.operations.DefaultBuildOperationRunner] Build operation 'Task :app:mergeLibDexDebug' started
2026-01-04T17:41:41.044+0545 [DEBUG] [org.gradle.internal.operations.DefaultBuildOperationRunner] Build operation 'Snapshot task inputs for :app:mergeLibDexDebug' started
2026-01-04T17:41:41.044+0545 [DEBUG] [org.gradle.internal.operations.DefaultBuildOperationRunner] Build operation 'Snapshot inputs and outputs before executing task ':app:mergeLibDexDebug'' started
2026-01-04T17:41:41.045+0545 [DEBUG] [org.gradle.internal.operations.DefaultBuildOperationRunner] Build operation 'Snapshot task inputs for :app:writeDebugAppMetadata' started
2026-01-04T17:41:41.045+0545 [DEBUG] [org.gradle.internal.operations.DefaultBuildOperationRunner] Build operation 'Snapshot inputs and outputs before executing task ':app:writeDebugAppMetadata'' started
2026-01-04T17:41:41.045+0545 [DEBUG] [org.gradle.internal.operations.DefaultBuildOperationRunner] Completing Build operation 'Snapshot inputs and outputs before executing task ':app:writeDebugAppMetadata''
2026-01-04T17:41:41.042+0545 [DEBUG] [org.gradle.internal.operations.DefaultBuildOperationRunner] Build operation 'Fingerprint transform inputs' started
2026-01-04T17:41:41.020+0545 [LIFECYCLE] [class org.gradle.internal.buildevents.TaskExecutionLogger] 
2026-01-04T17:41:41.020+0545 [LIFECYCLE] [class org.gradle.internal.buildevents.TaskExecutionLogger] > Task :app:mergeDebugAssets UP-TO-DATE
2026-01-04T17:41:41.024+0545 [DEBUG] [org.gradle.api.internal.tasks.execution.ResolveTaskExecutionModeExecuter] Putting task artifact state for task ':app:mergeDebugAssets' into context took 0.0 secs.
2026-01-04T17:41:41.026+0545 [DEBUG] [org.gradle.internal.execution.steps.AbstractCaptureStateBeforeExecutionStep] Implementation for task ':app:mergeDebugAssets': com.android.build.gradle.tasks.MergeSourceSetFolders_Decorated@4635d1901842c7d1eb7822b67da950d1
2026-01-04T17:41:41.027+0545 [DEBUG] [org.gradle.internal.execution.steps.AbstractCaptureStateBeforeExecutionStep] Additional implementations for task ':app:mergeDebugAssets': [com.android.build.gradle.tasks.MergeSourceSetFolders_Decorated@4635d1901842c7d1eb7822b67da950d1]
2026-01-04T17:41:41.029+0545 [DEBUG] [org.gradle.internal.operations.DefaultBuildOperationRunner] Build operation 'Fingerprint transform inputs' completed
2026-01-04T17:41:41.034+0545 [DEBUG] [org.gradle.internal.operations.DefaultBuildOperationRunner] Build operation 'Snapshot inputs and outputs before executing task ':app:mergeDebugAssets'' completed
2026-01-04T17:41:41.037+0545 [INFO] [org.gradle.internal.execution.steps.AbstractResolveCachingStateStep] Caching disabled for task ':app:mergeDebugAssets' because:
  Build cache is disabled
  Simple merging task
2026-01-04T17:41:41.037+0545 [DEBUG] [org.gradle.internal.operations.DefaultBuildOperationRunner] Build operation 'Snapshot task inputs for :app:mergeDebugAssets' completed
2026-01-04T17:41:41.037+0545 [DEBUG] [org.gradle.internal.execution.steps.SkipUpToDateStep] Determining if task ':app:mergeDebugAssets' is up-to-date
2026-01-04T17:41:41.037+0545 [INFO] [org.gradle.internal.execution.steps.SkipUpToDateStep] Skipping task ':app:mergeDebugAssets' as it is up-to-date.
2026-01-04T17:41:41.038+0545 [DEBUG] [org.gradle.api.internal.tasks.execution.ResolveTaskExecutionModeExecuter] Removed task artifact state for task ':app:mergeDebugAssets' from context.
2026-01-04T17:41:41.046+0545 [DEBUG] [org.gradle.internal.operations.DefaultBuildOperationRunner] Completing Build operation 'Task :app:mergeDebugAssets'
2026-01-04T17:41:41.047+0545 [DEBUG] [org.gradle.internal.operations.DefaultBuildOperationRunner] Build operation 'Task :app:mergeDebugAssets' completed
2026-01-04T17:41:41.047+0545 [DEBUG] [org.gradle.internal.operations.DefaultBuildOperationRunner] Completing Build operation 'Snapshot task inputs for :app:mergeDebugResources'
2026-01-04T17:41:41.035+0545 [LIFECYCLE] [class org.gradle.internal.buildevents.TaskExecutionLogger] 
2026-01-04T17:41:41.035+0545 [LIFECYCLE] [class org.gradle.internal.buildevents.TaskExecutionLogger] > Task :app:mergeDebugResources UP-TO-DATE
2026-01-04T17:41:41.035+0545 [DEBUG] [org.gradle.api.internal.tasks.execution.ResolveTaskExecutionModeExecuter] Putting task artifact state for task ':app:mergeDebugResources' into context took 0.0 secs.
2026-01-04T17:41:41.036+0545 [DEBUG] [org.gradle.internal.execution.steps.AbstractCaptureStateBeforeExecutionStep] Implementation for task ':app:mergeDebugResources': com.android.build.gradle.tasks.MergeResources_Decorated@4635d1901842c7d1eb7822b67da950d1
2026-01-04T17:41:41.036+0545 [DEBUG] [org.gradle.internal.execution.steps.AbstractCaptureStateBeforeExecutionStep] Additional implementations for task ':app:mergeDebugResources': [com.android.build.gradle.tasks.MergeResources_Decorated@4635d1901842c7d1eb7822b67da950d1]
2026-01-04T17:41:41.042+0545 [DEBUG] [org.gradle.internal.operations.DefaultBuildOperationRunner] Build operation 'Snapshot inputs and outputs before executing task ':app:mergeDebugResources'' completed
2026-01-04T17:41:41.045+0545 [INFO] [org.gradle.internal.execution.steps.AbstractResolveCachingStateStep] Caching disabled for task ':app:mergeDebugResources' because:
  Build cache is disabled
2026-01-04T17:41:41.048+0545 [DEBUG] [org.gradle.internal.operations.DefaultBuildOperationRunner] Build operation 'Snapshot task inputs for :app:mergeDebugResources' completed
2026-01-04T17:41:41.048+0545 [DEBUG] [org.gradle.internal.execution.steps.SkipUpToDateStep] Determining if task ':app:mergeDebugResources' is up-to-date
2026-01-04T17:41:41.048+0545 [INFO] [org.gradle.internal.execution.steps.SkipUpToDateStep] Skipping task ':app:mergeDebugResources' as it is up-to-date.
2026-01-04T17:41:41.049+0545 [DEBUG] [org.gradle.api.internal.tasks.execution.ResolveTaskExecutionModeExecuter] Removed task artifact state for task ':app:mergeDebugResources' from context.
2026-01-04T17:41:41.049+0545 [DEBUG] [org.gradle.internal.operations.DefaultBuildOperationRunner] Completing Build operation 'Task :app:mergeDebugResources'
2026-01-04T17:41:41.049+0545 [DEBUG] [org.gradle.internal.operations.DefaultBuildOperationRunner] Build operation 'Task :app:mergeDebugResources' completed
2026-01-04T17:41:41.043+0545 [DEBUG] [org.gradle.execution.plan.DefaultFinalizedExecutionPlan] Node Resolve mutations for :app:mergeDebugNativeLibs completed, executed: true
2026-01-04T17:41:41.050+0545 [DEBUG] [org.gradle.execution.plan.DefaultFinalizedExecutionPlan] Node Resolve mutations for :app:mergeDebugNativeLibs finished executing
2026-01-04T17:41:41.050+0545 [DEBUG] [org.gradle.execution.plan.DefaultFinalizedExecutionPlan] Node :app:mergeDebugResources completed, executed: true
2026-01-04T17:41:41.043+0545 [DEBUG] [org.gradle.internal.operations.DefaultBuildOperationRunner] Build operation 'Task :app:mergeExtDexDebug' started
2026-01-04T17:41:41.051+0545 [DEBUG] [org.gradle.internal.operations.DefaultBuildOperationRunner] Build operation 'Snapshot task inputs for :app:mergeExtDexDebug' started
2026-01-04T17:41:41.052+0545 [DEBUG] [org.gradle.internal.operations.DefaultBuildOperationRunner] Build operation 'Snapshot inputs and outputs before executing task ':app:mergeExtDexDebug'' started
2026-01-04T17:41:41.051+0545 [DEBUG] [org.gradle.execution.plan.DefaultFinalizedExecutionPlan] Node :app:mergeDebugResources finished executing
2026-01-04T17:41:41.050+0545 [INFO] [org.gradle.execution.plan.DefaultPlanExecutor] :app:mergeDebugNativeLibs (Thread[Execution worker Thread 2,5,main]) started.
2026-01-04T17:41:41.052+0545 [DEBUG] [org.gradle.internal.operations.DefaultBuildOperationRunner] Build operation 'Task :app:mergeDebugNativeLibs' started
2026-01-04T17:41:41.053+0545 [DEBUG] [org.gradle.internal.operations.DefaultBuildOperationRunner] Build operation 'Snapshot task inputs for :app:mergeDebugNativeLibs' started
2026-01-04T17:41:41.047+0545 [DEBUG] [org.gradle.internal.operations.DefaultBuildOperationRunner] Completing Build operation 'Fingerprint transform inputs'
2026-01-04T17:41:41.053+0545 [DEBUG] [org.gradle.internal.operations.DefaultBuildOperationRunner] Completing Build operation 'Snapshot inputs and outputs before executing task ':app:mergeLibDexDebug''
2026-01-04T17:41:41.052+0545 [DEBUG] [org.gradle.execution.plan.DefaultFinalizedExecutionPlan] Node :app:mergeDebugAssets completed, executed: true
2026-01-04T17:41:41.054+0545 [DEBUG] [org.gradle.execution.plan.DefaultFinalizedExecutionPlan] Node :app:mergeDebugAssets finished executing
2026-01-04T17:41:41.052+0545 [INFO] [org.gradle.execution.plan.DefaultPlanExecutor] Resolve mutations for :app:writeDebugSigningConfigVersions (Thread[Execution worker,5,main]) started.
2026-01-04T17:41:41.054+0545 [DEBUG] [org.gradle.internal.operations.DefaultBuildOperationRunner] Build operation 'Resolve mutations for task :app:writeDebugSigningConfigVersions' started
2026-01-04T17:41:41.054+0545 [DEBUG] [org.gradle.internal.operations.DefaultBuildOperationRunner] Completing Build operation 'Snapshot task inputs for :app:mergeLibDexDebug'
2026-01-04T17:41:41.055+0545 [DEBUG] [org.gradle.internal.operations.DefaultBuildOperationRunner] Completing Build operation 'Resolve mutations for task :app:writeDebugSigningConfigVersions'
2026-01-04T17:41:41.055+0545 [DEBUG] [org.gradle.internal.operations.DefaultBuildOperationRunner] Build operation 'Resolve mutations for task :app:writeDebugSigningConfigVersions' completed
2026-01-04T17:41:41.055+0545 [DEBUG] [org.gradle.execution.plan.DefaultFinalizedExecutionPlan] Node Resolve mutations for :app:writeDebugSigningConfigVersions completed, executed: true
2026-01-04T17:41:41.055+0545 [DEBUG] [org.gradle.execution.plan.DefaultFinalizedExecutionPlan] Node Resolve mutations for :app:writeDebugSigningConfigVersions finished executing
2026-01-04T17:41:41.055+0545 [INFO] [org.gradle.execution.plan.DefaultPlanExecutor] :app:writeDebugSigningConfigVersions (Thread[Execution worker,5,main]) started.
2026-01-04T17:41:41.055+0545 [DEBUG] [org.gradle.internal.operations.DefaultBuildOperationRunner] Build operation 'Task :app:writeDebugSigningConfigVersions' started
2026-01-04T17:41:41.056+0545 [DEBUG] [org.gradle.internal.operations.DefaultBuildOperationRunner] Completing Build operation 'Snapshot task inputs for :app:packageDebugResources'
2026-01-04T17:41:41.058+0545 [DEBUG] [org.gradle.internal.operations.DefaultBuildOperationRunner] Build operation 'Snapshot task inputs for :app:writeDebugSigningConfigVersions' started
2026-01-04T17:41:41.058+0545 [DEBUG] [org.gradle.internal.operations.DefaultBuildOperationRunner] Build operation 'Snapshot inputs and outputs before executing task ':app:writeDebugSigningConfigVersions'' started
2026-01-04T17:41:41.058+0545 [DEBUG] [org.gradle.internal.operations.DefaultBuildOperationRunner] Build operation 'Fingerprint transform inputs' started
2026-01-04T17:41:41.059+0545 [DEBUG] [org.gradle.internal.operations.DefaultBuildOperationRunner] Completing Build operation 'Fingerprint transform inputs'
2026-01-04T17:41:41.054+0545 [DEBUG] [org.gradle.internal.operations.DefaultBuildOperationRunner] Completing Build operation 'Snapshot task inputs for :app:writeDebugAppMetadata'
2026-01-04T17:41:41.054+0545 [INFO] [org.gradle.execution.plan.DefaultPlanExecutor] Resolve mutations for :app:compressDebugAssets (Thread[included builds,5,main]) started.
2026-01-04T17:41:41.060+0545 [DEBUG] [org.gradle.internal.operations.DefaultBuildOperationRunner] Build operation 'Resolve mutations for task :app:compressDebugAssets' started
2026-01-04T17:41:41.042+0545 [LIFECYCLE] [class org.gradle.internal.buildevents.TaskExecutionLogger] 
2026-01-04T17:41:41.042+0545 [LIFECYCLE] [class org.gradle.internal.buildevents.TaskExecutionLogger] > Task :app:writeDebugAppMetadata UP-TO-DATE
2026-01-04T17:41:41.042+0545 [DEBUG] [org.gradle.api.internal.tasks.execution.ResolveTaskExecutionModeExecuter] Putting task artifact state for task ':app:writeDebugAppMetadata' into context took 0.0 secs.
2026-01-04T17:41:41.045+0545 [DEBUG] [org.gradle.internal.execution.steps.AbstractCaptureStateBeforeExecutionStep] Implementation for task ':app:writeDebugAppMetadata': com.android.build.gradle.internal.tasks.AppMetadataTask_Decorated@4635d1901842c7d1eb7822b67da950d1
2026-01-04T17:41:41.045+0545 [DEBUG] [org.gradle.internal.execution.steps.AbstractCaptureStateBeforeExecutionStep] Additional implementations for task ':app:writeDebugAppMetadata': [com.android.build.gradle.internal.tasks.AppMetadataTask_Decorated@4635d1901842c7d1eb7822b67da950d1]
2026-01-04T17:41:41.047+0545 [DEBUG] [org.gradle.internal.operations.DefaultBuildOperationRunner] Build operation 'Snapshot inputs and outputs before executing task ':app:writeDebugAppMetadata'' completed
2026-01-04T17:41:41.054+0545 [INFO] [org.gradle.internal.execution.steps.AbstractResolveCachingStateStep] Caching disabled for task ':app:writeDebugAppMetadata' because:
  Build cache is disabled
  Caching has been disabled for the task
2026-01-04T17:41:41.059+0545 [DEBUG] [org.gradle.internal.operations.DefaultBuildOperationRunner] Build operation 'Snapshot task inputs for :app:writeDebugAppMetadata' completed
2026-01-04T17:41:41.059+0545 [DEBUG] [org.gradle.internal.execution.steps.SkipUpToDateStep] Determining if task ':app:writeDebugAppMetadata' is up-to-date
2026-01-04T17:41:41.059+0545 [INFO] [org.gradle.internal.execution.steps.SkipUpToDateStep] Skipping task ':app:writeDebugAppMetadata' as it is up-to-date.
2026-01-04T17:41:41.060+0545 [DEBUG] [org.gradle.api.internal.tasks.execution.ResolveTaskExecutionModeExecuter] Removed task artifact state for task ':app:writeDebugAppMetadata' from context.
2026-01-04T17:41:41.060+0545 [DEBUG] [org.gradle.internal.operations.DefaultBuildOperationRunner] Completing Build operation 'Task :app:writeDebugAppMetadata'
2026-01-04T17:41:41.060+0545 [DEBUG] [org.gradle.internal.operations.DefaultBuildOperationRunner] Build operation 'Task :app:writeDebugAppMetadata' completed
2026-01-04T17:41:41.060+0545 [DEBUG] [org.gradle.internal.operations.DefaultBuildOperationRunner] Completing Build operation 'Resolve mutations for task :app:compressDebugAssets'
2026-01-04T17:41:41.060+0545 [DEBUG] [org.gradle.internal.operations.DefaultBuildOperationRunner] Build operation 'Resolve mutations for task :app:compressDebugAssets' completed
2026-01-04T17:41:41.053+0545 [DEBUG] [org.gradle.internal.operations.DefaultBuildOperationRunner] Build operation 'Fingerprint transform inputs' started
2026-01-04T17:41:41.060+0545 [DEBUG] [org.gradle.internal.operations.DefaultBuildOperationRunner] Completing Build operation 'Fingerprint transform inputs'
2026-01-04T17:41:41.060+0545 [DEBUG] [org.gradle.execution.plan.DefaultFinalizedExecutionPlan] Node :app:writeDebugAppMetadata completed, executed: true
2026-01-04T17:41:41.061+0545 [DEBUG] [org.gradle.execution.plan.DefaultFinalizedExecutionPlan] Node :app:writeDebugAppMetadata finished executing
2026-01-04T17:41:41.061+0545 [DEBUG] [org.gradle.internal.resources.AbstractTrackedResourceLock] Execution worker Thread 5: released lock on worker lease
2026-01-04T17:41:41.026+0545 [LIFECYCLE] [class org.gradle.internal.buildevents.TaskExecutionLogger] 
2026-01-04T17:41:41.026+0545 [LIFECYCLE] [class org.gradle.internal.buildevents.TaskExecutionLogger] > Task :app:packageDebugResources UP-TO-DATE
2026-01-04T17:41:41.030+0545 [DEBUG] [org.gradle.api.internal.tasks.execution.ResolveTaskExecutionModeExecuter] Putting task artifact state for task ':app:packageDebugResources' into context took 0.0 secs.
2026-01-04T17:41:41.032+0545 [DEBUG] [org.gradle.internal.execution.steps.AbstractCaptureStateBeforeExecutionStep] Implementation for task ':app:packageDebugResources': com.android.build.gradle.tasks.MergeResources_Decorated@4635d1901842c7d1eb7822b67da950d1
2026-01-04T17:41:41.033+0545 [DEBUG] [org.gradle.internal.execution.steps.AbstractCaptureStateBeforeExecutionStep] Additional implementations for task ':app:packageDebugResources': [com.android.build.gradle.tasks.MergeResources_Decorated@4635d1901842c7d1eb7822b67da950d1]
2026-01-04T17:41:41.043+0545 [DEBUG] [org.gradle.internal.operations.DefaultBuildOperationRunner] Build operation 'Snapshot inputs and outputs before executing task ':app:packageDebugResources'' completed
2026-01-04T17:41:41.053+0545 [INFO] [org.gradle.internal.execution.steps.AbstractResolveCachingStateStep] Caching disabled for task ':app:packageDebugResources' because:
  Build cache is disabled
2026-01-04T17:41:41.057+0545 [DEBUG] [org.gradle.internal.operations.DefaultBuildOperationRunner] Build operation 'Snapshot task inputs for :app:packageDebugResources' completed
2026-01-04T17:41:41.057+0545 [DEBUG] [org.gradle.internal.execution.steps.SkipUpToDateStep] Determining if task ':app:packageDebugResources' is up-to-date
2026-01-04T17:41:41.058+0545 [INFO] [org.gradle.internal.execution.steps.SkipUpToDateStep] Skipping task ':app:packageDebugResources' as it is up-to-date.
2026-01-04T17:41:41.059+0545 [DEBUG] [org.gradle.api.internal.tasks.execution.ResolveTaskExecutionModeExecuter] Removed task artifact state for task ':app:packageDebugResources' from context.
2026-01-04T17:41:41.061+0545 [DEBUG] [org.gradle.internal.operations.DefaultBuildOperationRunner] Completing Build operation 'Task :app:packageDebugResources'
2026-01-04T17:41:41.061+0545 [DEBUG] [org.gradle.internal.operations.DefaultBuildOperationRunner] Build operation 'Task :app:packageDebugResources' completed
2026-01-04T17:41:41.061+0545 [DEBUG] [org.gradle.execution.plan.DefaultFinalizedExecutionPlan] Node :app:packageDebugResources completed, executed: true
2026-01-04T17:41:41.062+0545 [DEBUG] [org.gradle.execution.plan.DefaultFinalizedExecutionPlan] Node :app:packageDebugResources finished executing
2026-01-04T17:41:41.062+0545 [INFO] [org.gradle.execution.plan.DefaultPlanExecutor] Resolve mutations for :app:parseDebugLocalResources (Thread[Execution worker Thread 3,5,main]) started.
2026-01-04T17:41:41.062+0545 [DEBUG] [org.gradle.internal.operations.DefaultBuildOperationRunner] Build operation 'Resolve mutations for task :app:parseDebugLocalResources' started
2026-01-04T17:41:41.062+0545 [DEBUG] [org.gradle.internal.operations.DefaultBuildOperationRunner] Completing Build operation 'Resolve mutations for task :app:parseDebugLocalResources'
2026-01-04T17:41:41.063+0545 [DEBUG] [org.gradle.internal.operations.DefaultBuildOperationRunner] Build operation 'Resolve mutations for task :app:parseDebugLocalResources' completed
2026-01-04T17:41:41.063+0545 [DEBUG] [org.gradle.execution.plan.DefaultFinalizedExecutionPlan] Node Resolve mutations for :app:parseDebugLocalResources completed, executed: true
2026-01-04T17:41:41.063+0545 [DEBUG] [org.gradle.execution.plan.DefaultFinalizedExecutionPlan] Node Resolve mutations for :app:parseDebugLocalResources finished executing
2026-01-04T17:41:41.063+0545 [INFO] [org.gradle.execution.plan.DefaultPlanExecutor] :app:parseDebugLocalResources (Thread[Execution worker Thread 3,5,main]) started.
2026-01-04T17:41:41.063+0545 [DEBUG] [org.gradle.internal.operations.DefaultBuildOperationRunner] Build operation 'Task :app:parseDebugLocalResources' started
2026-01-04T17:41:41.063+0545 [DEBUG] [org.gradle.execution.plan.DefaultFinalizedExecutionPlan] Node Resolve mutations for :app:compressDebugAssets completed, executed: true
2026-01-04T17:41:41.064+0545 [DEBUG] [org.gradle.execution.plan.DefaultFinalizedExecutionPlan] Node Resolve mutations for :app:compressDebugAssets finished executing
2026-01-04T17:41:41.065+0545 [INFO] [org.gradle.execution.plan.DefaultPlanExecutor] :app:compressDebugAssets (Thread[included builds,5,main]) started.
2026-01-04T17:41:41.065+0545 [DEBUG] [org.gradle.internal.operations.DefaultBuildOperationRunner] Build operation 'Task :app:compressDebugAssets' started
2026-01-04T17:41:41.065+0545 [DEBUG] [org.gradle.internal.operations.DefaultBuildOperationRunner] Build operation 'Fingerprint transform inputs' started
2026-01-04T17:41:41.059+0545 [DEBUG] [org.gradle.internal.operations.DefaultBuildOperationRunner] Build operation 'Fingerprint transform inputs' started
2026-01-04T17:41:41.066+0545 [DEBUG] [org.gradle.internal.operations.DefaultBuildOperationRunner] Completing Build operation 'Fingerprint transform inputs'
2026-01-04T17:41:41.068+0545 [DEBUG] [org.gradle.internal.operations.DefaultBuildOperationRunner] Build operation 'Fingerprint transform inputs' started
2026-01-04T17:41:41.069+0545 [DEBUG] [org.gradle.internal.operations.DefaultBuildOperationRunner] Completing Build operation 'Snapshot inputs and outputs before executing task ':app:writeDebugSigningConfigVersions''
2026-01-04T17:41:41.069+0545 [DEBUG] [org.gradle.internal.operations.DefaultBuildOperationRunner] Completing Build operation 'Fingerprint transform inputs'
2026-01-04T17:41:41.044+0545 [LIFECYCLE] [class org.gradle.internal.buildevents.TaskExecutionLogger] 
2026-01-04T17:41:41.044+0545 [LIFECYCLE] [class org.gradle.internal.buildevents.TaskExecutionLogger] > Task :app:mergeLibDexDebug UP-TO-DATE
2026-01-04T17:41:41.044+0545 [DEBUG] [org.gradle.api.internal.tasks.execution.ResolveTaskExecutionModeExecuter] Putting task artifact state for task ':app:mergeLibDexDebug' into context took 0.0 secs.
2026-01-04T17:41:41.044+0545 [DEBUG] [org.gradle.internal.execution.steps.AbstractCaptureStateBeforeExecutionStep] Implementation for task ':app:mergeLibDexDebug': com.android.build.gradle.internal.tasks.DexMergingTask_Decorated@4635d1901842c7d1eb7822b67da950d1
2026-01-04T17:41:41.049+0545 [DEBUG] [org.gradle.internal.execution.steps.AbstractCaptureStateBeforeExecutionStep] Additional implementations for task ':app:mergeLibDexDebug': [com.android.build.gradle.internal.tasks.DexMergingTask_Decorated@4635d1901842c7d1eb7822b67da950d1]
2026-01-04T17:41:41.053+0545 [DEBUG] [org.gradle.internal.operations.DefaultBuildOperationRunner] Build operation 'Snapshot inputs and outputs before executing task ':app:mergeLibDexDebug'' completed
2026-01-04T17:41:41.054+0545 [INFO] [org.gradle.internal.execution.steps.AbstractResolveCachingStateStep] Caching disabled for task ':app:mergeLibDexDebug' because:
  Build cache is disabled
2026-01-04T17:41:41.054+0545 [DEBUG] [org.gradle.internal.operations.DefaultBuildOperationRunner] Build operation 'Snapshot task inputs for :app:mergeLibDexDebug' completed
2026-01-04T17:41:41.054+0545 [DEBUG] [org.gradle.internal.execution.steps.SkipUpToDateStep] Determining if task ':app:mergeLibDexDebug' is up-to-date
2026-01-04T17:41:41.055+0545 [INFO] [org.gradle.internal.execution.steps.SkipUpToDateStep] Skipping task ':app:mergeLibDexDebug' as it is up-to-date.
2026-01-04T17:41:41.055+0545 [DEBUG] [org.gradle.api.internal.tasks.execution.ResolveTaskExecutionModeExecuter] Removed task artifact state for task ':app:mergeLibDexDebug' from context.
2026-01-04T17:41:41.073+0545 [DEBUG] [org.gradle.internal.operations.DefaultBuildOperationRunner] Completing Build operation 'Task :app:mergeLibDexDebug'
2026-01-04T17:41:41.073+0545 [DEBUG] [org.gradle.internal.operations.DefaultBuildOperationRunner] Build operation 'Task :app:mergeLibDexDebug' completed
2026-01-04T17:41:41.075+0545 [DEBUG] [org.gradle.internal.operations.DefaultBuildOperationRunner] Completing Build operation 'Snapshot task inputs for :app:writeDebugSigningConfigVersions'
2026-01-04T17:41:41.071+0545 [DEBUG] [org.gradle.internal.operations.DefaultBuildOperationRunner] Completing Build operation 'Fingerprint transform inputs'
2026-01-04T17:41:41.077+0545 [DEBUG] [org.gradle.internal.operations.DefaultBuildOperationRunner] Build operation 'Fingerprint transform inputs' started
2026-01-04T17:41:41.078+0545 [DEBUG] [org.gradle.internal.operations.DefaultBuildOperationRunner] Completing Build operation 'Fingerprint transform inputs'
2026-01-04T17:41:41.078+0545 [DEBUG] [org.gradle.internal.operations.DefaultBuildOperationRunner] Build operation 'Snapshot inputs and outputs before executing task ':app:mergeDebugNativeLibs'' started
2026-01-04T17:41:41.055+0545 [LIFECYCLE] [class org.gradle.internal.buildevents.TaskExecutionLogger] 
2026-01-04T17:41:41.055+0545 [LIFECYCLE] [class org.gradle.internal.buildevents.TaskExecutionLogger] > Task :app:writeDebugSigningConfigVersions UP-TO-DATE
2026-01-04T17:41:41.056+0545 [DEBUG] [org.gradle.api.internal.tasks.execution.ResolveTaskExecutionModeExecuter] Putting task artifact state for task ':app:writeDebugSigningConfigVersions' into context took 0.0 secs.
2026-01-04T17:41:41.059+0545 [DEBUG] [org.gradle.internal.execution.steps.AbstractCaptureStateBeforeExecutionStep] Implementation for task ':app:writeDebugSigningConfigVersions': com.android.build.gradle.internal.tasks.SigningConfigVersionsWriterTask_Decorated@4635d1901842c7d1eb7822b67da950d1
2026-01-04T17:41:41.068+0545 [DEBUG] [org.gradle.internal.execution.steps.AbstractCaptureStateBeforeExecutionStep] Additional implementations for task ':app:writeDebugSigningConfigVersions': [com.android.build.gradle.internal.tasks.SigningConfigVersionsWriterTask_Decorated@4635d1901842c7d1eb7822b67da950d1]
2026-01-04T17:41:41.069+0545 [DEBUG] [org.gradle.internal.operations.DefaultBuildOperationRunner] Build operation 'Snapshot inputs and outputs before executing task ':app:writeDebugSigningConfigVersions'' completed
2026-01-04T17:41:41.075+0545 [INFO] [org.gradle.internal.execution.steps.AbstractResolveCachingStateStep] Caching disabled for task ':app:writeDebugSigningConfigVersions' because:
  Build cache is disabled
  Caching has been disabled for the task
2026-01-04T17:41:41.075+0545 [DEBUG] [org.gradle.internal.operations.DefaultBuildOperationRunner] Build operation 'Snapshot task inputs for :app:writeDebugSigningConfigVersions' completed
2026-01-04T17:41:41.075+0545 [DEBUG] [org.gradle.internal.execution.steps.SkipUpToDateStep] Determining if task ':app:writeDebugSigningConfigVersions' is up-to-date
2026-01-04T17:41:41.075+0545 [INFO] [org.gradle.internal.execution.steps.SkipUpToDateStep] Skipping task ':app:writeDebugSigningConfigVersions' as it is up-to-date.
2026-01-04T17:41:41.078+0545 [DEBUG] [org.gradle.api.internal.tasks.execution.ResolveTaskExecutionModeExecuter] Removed task artifact state for task ':app:writeDebugSigningConfigVersions' from context.
2026-01-04T17:41:41.079+0545 [DEBUG] [org.gradle.internal.operations.DefaultBuildOperationRunner] Completing Build operation 'Task :app:writeDebugSigningConfigVersions'
2026-01-04T17:41:41.079+0545 [DEBUG] [org.gradle.internal.operations.DefaultBuildOperationRunner] Build operation 'Task :app:writeDebugSigningConfigVersions' completed
2026-01-04T17:41:41.079+0545 [DEBUG] [org.gradle.internal.operations.DefaultBuildOperationRunner] Build operation 'Snapshot task inputs for :app:parseDebugLocalResources' started
2026-01-04T17:41:41.080+0545 [DEBUG] [org.gradle.internal.operations.DefaultBuildOperationRunner] Build operation 'Snapshot inputs and outputs before executing task ':app:parseDebugLocalResources'' started
2026-01-04T17:41:41.066+0545 [DEBUG] [org.gradle.internal.resources.AbstractTrackedResourceLock] Execution worker Thread 5: acquired lock on worker lease
2026-01-04T17:41:41.080+0545 [DEBUG] [org.gradle.internal.resources.AbstractTrackedResourceLock] Execution worker Thread 5: released lock on worker lease
2026-01-04T17:41:41.082+0545 [DEBUG] [org.gradle.execution.plan.DefaultFinalizedExecutionPlan] Node :app:writeDebugSigningConfigVersions completed, executed: true
2026-01-04T17:41:41.083+0545 [DEBUG] [org.gradle.internal.operations.DefaultBuildOperationRunner] Build operation 'Snapshot task inputs for :app:compressDebugAssets' started
2026-01-04T17:41:41.083+0545 [DEBUG] [org.gradle.internal.operations.DefaultBuildOperationRunner] Build operation 'Snapshot inputs and outputs before executing task ':app:compressDebugAssets'' started
2026-01-04T17:41:41.083+0545 [DEBUG] [org.gradle.internal.operations.DefaultBuildOperationRunner] Completing Build operation 'Snapshot inputs and outputs before executing task ':app:compressDebugAssets''
2026-01-04T17:41:41.084+0545 [DEBUG] [org.gradle.internal.operations.DefaultBuildOperationRunner] Build operation 'Fingerprint transform inputs' started
2026-01-04T17:41:41.084+0545 [DEBUG] [org.gradle.internal.operations.DefaultBuildOperationRunner] Completing Build operation 'Snapshot inputs and outputs before executing task ':app:processDebugMainManifest''
2026-01-04T17:41:41.084+0545 [DEBUG] [org.gradle.execution.plan.DefaultFinalizedExecutionPlan] Node :app:writeDebugSigningConfigVersions finished executing
2026-01-04T17:41:41.085+0545 [DEBUG] [org.gradle.internal.resources.AbstractTrackedResourceLock] Execution worker: released lock on worker lease
2026-01-04T17:41:41.085+0545 [DEBUG] [org.gradle.execution.plan.DefaultFinalizedExecutionPlan] Node :app:mergeLibDexDebug completed, executed: true
2026-01-04T17:41:41.085+0545 [DEBUG] [org.gradle.internal.operations.DefaultBuildOperationRunner] Completing Build operation 'Snapshot inputs and outputs before executing task ':app:mergeDebugNativeLibs''
2026-01-04T17:41:41.085+0545 [DEBUG] [org.gradle.execution.plan.DefaultFinalizedExecutionPlan] Node :app:mergeLibDexDebug finished executing
2026-01-04T17:41:41.085+0545 [DEBUG] [org.gradle.internal.resources.AbstractTrackedResourceLock] Execution worker Thread 6: released lock on worker lease
2026-01-04T17:41:41.085+0545 [DEBUG] [org.gradle.internal.resources.AbstractTrackedResourceLock] Execution worker: acquired lock on worker lease
2026-01-04T17:41:41.086+0545 [DEBUG] [org.gradle.internal.resources.AbstractTrackedResourceLock] Execution worker: released lock on worker lease
2026-01-04T17:41:41.086+0545 [DEBUG] [org.gradle.internal.operations.DefaultBuildOperationRunner] Completing Build operation 'Snapshot task inputs for :app:mergeDebugNativeLibs'
2026-01-04T17:41:41.086+0545 [DEBUG] [org.gradle.internal.operations.DefaultBuildOperationRunner] Completing Build operation 'Fingerprint transform inputs'
2026-01-04T17:41:41.087+0545 [DEBUG] [org.gradle.internal.operations.DefaultBuildOperationRunner] Completing Build operation 'Snapshot inputs and outputs before executing task ':app:parseDebugLocalResources''
2026-01-04T17:41:41.086+0545 [DEBUG] [org.gradle.internal.operations.DefaultBuildOperationRunner] Completing Build operation 'Snapshot task inputs for :app:processDebugMainManifest'
2026-01-04T17:41:41.086+0545 [DEBUG] [org.gradle.internal.resources.AbstractTrackedResourceLock] Execution worker Thread 5: acquired lock on worker lease
2026-01-04T17:41:41.091+0545 [DEBUG] [org.gradle.internal.resources.AbstractTrackedResourceLock] Execution worker Thread 5: released lock on worker lease
2026-01-04T17:41:41.052+0545 [LIFECYCLE] [class org.gradle.internal.buildevents.TaskExecutionLogger] 
2026-01-04T17:41:41.052+0545 [LIFECYCLE] [class org.gradle.internal.buildevents.TaskExecutionLogger] > Task :app:mergeDebugNativeLibs UP-TO-DATE
2026-01-04T17:41:41.052+0545 [DEBUG] [org.gradle.api.internal.tasks.execution.ResolveTaskExecutionModeExecuter] Putting task artifact state for task ':app:mergeDebugNativeLibs' into context took 0.0 secs.
2026-01-04T17:41:41.060+0545 [DEBUG] [org.gradle.internal.operations.DefaultBuildOperationRunner] Build operation 'Fingerprint transform inputs' completed
2026-01-04T17:41:41.071+0545 [DEBUG] [org.gradle.internal.operations.DefaultBuildOperationRunner] Build operation 'Fingerprint transform inputs' completed
2026-01-04T17:41:41.082+0545 [DEBUG] [org.gradle.internal.execution.steps.AbstractCaptureStateBeforeExecutionStep] Implementation for task ':app:mergeDebugNativeLibs': com.android.build.gradle.internal.tasks.MergeNativeLibsTask_Decorated@4635d1901842c7d1eb7822b67da950d1
2026-01-04T17:41:41.082+0545 [DEBUG] [org.gradle.internal.execution.steps.AbstractCaptureStateBeforeExecutionStep] Additional implementations for task ':app:mergeDebugNativeLibs': [com.android.build.gradle.internal.tasks.MergeNativeLibsTask_Decorated@4635d1901842c7d1eb7822b67da950d1]
2026-01-04T17:41:41.085+0545 [DEBUG] [org.gradle.internal.operations.DefaultBuildOperationRunner] Build operation 'Snapshot inputs and outputs before executing task ':app:mergeDebugNativeLibs'' completed
2026-01-04T17:41:41.086+0545 [INFO] [org.gradle.internal.execution.steps.AbstractResolveCachingStateStep] Caching disabled for task ':app:mergeDebugNativeLibs' because:
  Build cache is disabled
  Caching has been disabled for the task
2026-01-04T17:41:41.086+0545 [DEBUG] [org.gradle.internal.operations.DefaultBuildOperationRunner] Build operation 'Snapshot task inputs for :app:mergeDebugNativeLibs' completed
2026-01-04T17:41:41.086+0545 [DEBUG] [org.gradle.internal.execution.steps.SkipUpToDateStep] Determining if task ':app:mergeDebugNativeLibs' is up-to-date
2026-01-04T17:41:41.091+0545 [INFO] [org.gradle.internal.execution.steps.SkipUpToDateStep] Skipping task ':app:mergeDebugNativeLibs' as it is up-to-date.
2026-01-04T17:41:41.092+0545 [DEBUG] [org.gradle.api.internal.tasks.execution.ResolveTaskExecutionModeExecuter] Removed task artifact state for task ':app:mergeDebugNativeLibs' from context.
2026-01-04T17:41:41.092+0545 [DEBUG] [org.gradle.internal.operations.DefaultBuildOperationRunner] Completing Build operation 'Task :app:mergeDebugNativeLibs'
2026-01-04T17:41:41.092+0545 [DEBUG] [org.gradle.internal.operations.DefaultBuildOperationRunner] Build operation 'Task :app:mergeDebugNativeLibs' completed
2026-01-04T17:41:41.036+0545 [LIFECYCLE] [class org.gradle.internal.buildevents.TaskExecutionLogger] 
2026-01-04T17:41:41.036+0545 [LIFECYCLE] [class org.gradle.internal.buildevents.TaskExecutionLogger] > Task :app:processDebugMainManifest UP-TO-DATE
2026-01-04T17:41:41.037+0545 [DEBUG] [org.gradle.api.internal.tasks.execution.ResolveTaskExecutionModeExecuter] Putting task artifact state for task ':app:processDebugMainManifest' into context took 0.0 secs.
2026-01-04T17:41:41.037+0545 [DEBUG] [org.gradle.internal.execution.steps.AbstractCaptureStateBeforeExecutionStep] Implementation for task ':app:processDebugMainManifest': com.android.build.gradle.tasks.ProcessApplicationManifest_Decorated@4635d1901842c7d1eb7822b67da950d1
2026-01-04T17:41:41.039+0545 [DEBUG] [org.gradle.internal.execution.steps.AbstractCaptureStateBeforeExecutionStep] Additional implementations for task ':app:processDebugMainManifest': [com.android.build.gradle.tasks.ProcessApplicationManifest_Decorated@4635d1901842c7d1eb7822b67da950d1]
2026-01-04T17:41:41.053+0545 [DEBUG] [org.gradle.internal.operations.DefaultBuildOperationRunner] Build operation 'Fingerprint transform inputs' completed
2026-01-04T17:41:41.066+0545 [DEBUG] [org.gradle.internal.operations.DefaultBuildOperationRunner] Build operation 'Fingerprint transform inputs' completed
2026-01-04T17:41:41.084+0545 [DEBUG] [org.gradle.internal.operations.DefaultBuildOperationRunner] Build operation 'Snapshot inputs and outputs before executing task ':app:processDebugMainManifest'' completed
2026-01-04T17:41:41.085+0545 [INFO] [org.gradle.internal.execution.steps.AbstractResolveCachingStateStep] Caching disabled for task ':app:processDebugMainManifest' because:
  Build cache is disabled
2026-01-04T17:41:41.089+0545 [DEBUG] [org.gradle.internal.operations.DefaultBuildOperationRunner] Build operation 'Snapshot task inputs for :app:processDebugMainManifest' completed
2026-01-04T17:41:41.092+0545 [DEBUG] [org.gradle.internal.execution.steps.SkipUpToDateStep] Determining if task ':app:processDebugMainManifest' is up-to-date
2026-01-04T17:41:41.092+0545 [INFO] [org.gradle.internal.execution.steps.SkipUpToDateStep] Skipping task ':app:processDebugMainManifest' as it is up-to-date.
2026-01-04T17:41:41.093+0545 [DEBUG] [org.gradle.api.internal.tasks.execution.ResolveTaskExecutionModeExecuter] Removed task artifact state for task ':app:processDebugMainManifest' from context.
2026-01-04T17:41:41.094+0545 [DEBUG] [org.gradle.internal.operations.DefaultBuildOperationRunner] Completing Build operation 'Task :app:processDebugMainManifest'
2026-01-04T17:41:41.094+0545 [DEBUG] [org.gradle.internal.operations.DefaultBuildOperationRunner] Build operation 'Task :app:processDebugMainManifest' completed
2026-01-04T17:41:41.092+0545 [DEBUG] [org.gradle.execution.plan.DefaultFinalizedExecutionPlan] Node :app:mergeDebugNativeLibs completed, executed: true
2026-01-04T17:41:41.096+0545 [DEBUG] [org.gradle.execution.plan.DefaultFinalizedExecutionPlan] Node :app:mergeDebugNativeLibs finished executing
2026-01-04T17:41:41.096+0545 [INFO] [org.gradle.execution.plan.DefaultPlanExecutor] Resolve mutations for :app:stripDebugDebugSymbols (Thread[Execution worker Thread 2,5,main]) started.
2026-01-04T17:41:41.096+0545 [DEBUG] [org.gradle.internal.operations.DefaultBuildOperationRunner] Build operation 'Resolve mutations for task :app:stripDebugDebugSymbols' started
2026-01-04T17:41:41.093+0545 [DEBUG] [org.gradle.internal.operations.DefaultBuildOperationRunner] Completing Build operation 'Snapshot task inputs for :app:compressDebugAssets'
2026-01-04T17:41:41.065+0545 [LIFECYCLE] [class org.gradle.internal.buildevents.TaskExecutionLogger] 
2026-01-04T17:41:41.065+0545 [LIFECYCLE] [class org.gradle.internal.buildevents.TaskExecutionLogger] > Task :app:compressDebugAssets UP-TO-DATE
2026-01-04T17:41:41.082+0545 [DEBUG] [org.gradle.api.internal.tasks.execution.ResolveTaskExecutionModeExecuter] Putting task artifact state for task ':app:compressDebugAssets' into context took 0.0 secs.
2026-01-04T17:41:41.083+0545 [DEBUG] [org.gradle.internal.execution.steps.AbstractCaptureStateBeforeExecutionStep] Implementation for task ':app:compressDebugAssets': com.android.build.gradle.internal.tasks.CompressAssetsTask_Decorated@4635d1901842c7d1eb7822b67da950d1
2026-01-04T17:41:41.083+0545 [DEBUG] [org.gradle.internal.execution.steps.AbstractCaptureStateBeforeExecutionStep] Additional implementations for task ':app:compressDebugAssets': [com.android.build.gradle.internal.tasks.CompressAssetsTask_Decorated@4635d1901842c7d1eb7822b67da950d1]
2026-01-04T17:41:41.084+0545 [DEBUG] [org.gradle.internal.operations.DefaultBuildOperationRunner] Build operation 'Snapshot inputs and outputs before executing task ':app:compressDebugAssets'' completed
2026-01-04T17:41:41.091+0545 [INFO] [org.gradle.internal.execution.steps.AbstractResolveCachingStateStep] Caching disabled for task ':app:compressDebugAssets' because:
  Build cache is disabled
2026-01-04T17:41:41.097+0545 [DEBUG] [org.gradle.internal.operations.DefaultBuildOperationRunner] Build operation 'Snapshot task inputs for :app:compressDebugAssets' completed
2026-01-04T17:41:41.097+0545 [DEBUG] [org.gradle.internal.execution.steps.SkipUpToDateStep] Determining if task ':app:compressDebugAssets' is up-to-date
2026-01-04T17:41:41.097+0545 [INFO] [org.gradle.internal.execution.steps.SkipUpToDateStep] Skipping task ':app:compressDebugAssets' as it is up-to-date.
2026-01-04T17:41:41.097+0545 [DEBUG] [org.gradle.api.internal.tasks.execution.ResolveTaskExecutionModeExecuter] Removed task artifact state for task ':app:compressDebugAssets' from context.
2026-01-04T17:41:41.098+0545 [DEBUG] [org.gradle.internal.operations.DefaultBuildOperationRunner] Completing Build operation 'Task :app:compressDebugAssets'
2026-01-04T17:41:41.098+0545 [DEBUG] [org.gradle.internal.operations.DefaultBuildOperationRunner] Build operation 'Task :app:compressDebugAssets' completed
2026-01-04T17:41:41.099+0545 [DEBUG] [org.gradle.internal.operations.DefaultBuildOperationRunner] Completing Build operation 'Snapshot task inputs for :app:parseDebugLocalResources'
2026-01-04T17:41:41.099+0545 [DEBUG] [org.gradle.internal.operations.DefaultBuildOperationRunner] Completing Build operation 'Resolve mutations for task :app:stripDebugDebugSymbols'
2026-01-04T17:41:41.099+0545 [DEBUG] [org.gradle.internal.operations.DefaultBuildOperationRunner] Build operation 'Resolve mutations for task :app:stripDebugDebugSymbols' completed
2026-01-04T17:41:41.096+0545 [DEBUG] [org.gradle.execution.plan.DefaultFinalizedExecutionPlan] Node :app:processDebugMainManifest completed, executed: true
2026-01-04T17:41:41.099+0545 [DEBUG] [org.gradle.execution.plan.DefaultFinalizedExecutionPlan] Node :app:processDebugMainManifest finished executing
2026-01-04T17:41:41.100+0545 [INFO] [org.gradle.execution.plan.DefaultPlanExecutor] Resolve mutations for :app:processDebugManifest (Thread[Execution worker Thread 7,5,main]) started.
2026-01-04T17:41:41.100+0545 [DEBUG] [org.gradle.internal.operations.DefaultBuildOperationRunner] Build operation 'Resolve mutations for task :app:processDebugManifest' started
2026-01-04T17:41:41.101+0545 [DEBUG] [org.gradle.internal.resources.AbstractTrackedResourceLock] Execution worker Thread 6: acquired lock on worker lease
2026-01-04T17:41:41.101+0545 [DEBUG] [org.gradle.internal.resources.AbstractTrackedResourceLock] Execution worker Thread 6: released lock on worker lease
2026-01-04T17:41:41.066+0545 [LIFECYCLE] [class org.gradle.internal.buildevents.TaskExecutionLogger] 
2026-01-04T17:41:41.066+0545 [LIFECYCLE] [class org.gradle.internal.buildevents.TaskExecutionLogger] > Task :app:parseDebugLocalResources UP-TO-DATE
2026-01-04T17:41:41.079+0545 [DEBUG] [org.gradle.api.internal.tasks.execution.ResolveTaskExecutionModeExecuter] Putting task artifact state for task ':app:parseDebugLocalResources' into context took 0.0 secs.
2026-01-04T17:41:41.080+0545 [DEBUG] [org.gradle.internal.execution.steps.AbstractCaptureStateBeforeExecutionStep] Implementation for task ':app:parseDebugLocalResources': com.android.build.gradle.internal.res.ParseLibraryResourcesTask_Decorated@4635d1901842c7d1eb7822b67da950d1
2026-01-04T17:41:41.080+0545 [DEBUG] [org.gradle.internal.execution.steps.AbstractCaptureStateBeforeExecutionStep] Additional implementations for task ':app:parseDebugLocalResources': [com.android.build.gradle.internal.res.ParseLibraryResourcesTask_Decorated@4635d1901842c7d1eb7822b67da950d1]
2026-01-04T17:41:41.087+0545 [DEBUG] [org.gradle.internal.operations.DefaultBuildOperationRunner] Build operation 'Fingerprint transform inputs' completed
2026-01-04T17:41:41.087+0545 [DEBUG] [org.gradle.internal.operations.DefaultBuildOperationRunner] Build operation 'Snapshot inputs and outputs before executing task ':app:parseDebugLocalResources'' completed
2026-01-04T17:41:41.093+0545 [INFO] [org.gradle.internal.execution.steps.AbstractResolveCachingStateStep] Caching disabled for task ':app:parseDebugLocalResources' because:
  Build cache is disabled
2026-01-04T17:41:41.099+0545 [DEBUG] [org.gradle.internal.operations.DefaultBuildOperationRunner] Build operation 'Snapshot task inputs for :app:parseDebugLocalResources' completed
2026-01-04T17:41:41.099+0545 [DEBUG] [org.gradle.internal.execution.steps.SkipUpToDateStep] Determining if task ':app:parseDebugLocalResources' is up-to-date
2026-01-04T17:41:41.099+0545 [INFO] [org.gradle.internal.execution.steps.SkipUpToDateStep] Skipping task ':app:parseDebugLocalResources' as it is up-to-date.
2026-01-04T17:41:41.101+0545 [DEBUG] [org.gradle.api.internal.tasks.execution.ResolveTaskExecutionModeExecuter] Removed task artifact state for task ':app:parseDebugLocalResources' from context.
2026-01-04T17:41:41.101+0545 [DEBUG] [org.gradle.internal.operations.DefaultBuildOperationRunner] Completing Build operation 'Task :app:parseDebugLocalResources'
2026-01-04T17:41:41.101+0545 [DEBUG] [org.gradle.internal.operations.DefaultBuildOperationRunner] Build operation 'Task :app:parseDebugLocalResources' completed
2026-01-04T17:41:41.101+0545 [DEBUG] [org.gradle.execution.plan.DefaultFinalizedExecutionPlan] Node :app:parseDebugLocalResources completed, executed: true
2026-01-04T17:41:41.103+0545 [DEBUG] [org.gradle.execution.plan.DefaultFinalizedExecutionPlan] Node :app:parseDebugLocalResources finished executing
2026-01-04T17:41:41.103+0545 [INFO] [org.gradle.execution.plan.DefaultPlanExecutor] Resolve mutations for :app:dataBindingGenBaseClassesDebug (Thread[Execution worker Thread 3,5,main]) started.
2026-01-04T17:41:41.103+0545 [DEBUG] [org.gradle.internal.operations.DefaultBuildOperationRunner] Build operation 'Resolve mutations for task :app:dataBindingGenBaseClassesDebug' started
2026-01-04T17:41:41.106+0545 [DEBUG] [org.gradle.execution.plan.DefaultFinalizedExecutionPlan] Node Resolve mutations for :app:stripDebugDebugSymbols completed, executed: true
2026-01-04T17:41:41.106+0545 [DEBUG] [org.gradle.execution.plan.DefaultFinalizedExecutionPlan] Node Resolve mutations for :app:stripDebugDebugSymbols finished executing
2026-01-04T17:41:41.107+0545 [INFO] [org.gradle.execution.plan.DefaultPlanExecutor] :app:stripDebugDebugSymbols (Thread[Execution worker Thread 2,5,main]) started.
2026-01-04T17:41:41.107+0545 [DEBUG] [org.gradle.internal.operations.DefaultBuildOperationRunner] Build operation 'Task :app:stripDebugDebugSymbols' started
2026-01-04T17:41:41.108+0545 [DEBUG] [org.gradle.execution.plan.DefaultFinalizedExecutionPlan] Node :app:compressDebugAssets completed, executed: true
2026-01-04T17:41:41.108+0545 [DEBUG] [org.gradle.execution.plan.DefaultFinalizedExecutionPlan] Node :app:compressDebugAssets finished executing
2026-01-04T17:41:41.108+0545 [DEBUG] [org.gradle.internal.resources.AbstractTrackedResourceLock] included builds: released lock on worker lease
2026-01-04T17:41:41.108+0545 [DEBUG] [org.gradle.internal.resources.AbstractTrackedResourceLock] Execution worker Thread 5: acquired lock on worker lease
2026-01-04T17:41:41.108+0545 [DEBUG] [org.gradle.internal.resources.AbstractTrackedResourceLock] Execution worker Thread 5: released lock on worker lease
2026-01-04T17:41:41.108+0545 [DEBUG] [org.gradle.internal.operations.DefaultBuildOperationRunner] Completing Build operation 'Resolve mutations for task :app:processDebugManifest'
2026-01-04T17:41:41.109+0545 [DEBUG] [org.gradle.internal.operations.DefaultBuildOperationRunner] Build operation 'Resolve mutations for task :app:processDebugManifest' completed
2026-01-04T17:41:41.109+0545 [DEBUG] [org.gradle.internal.resources.AbstractTrackedResourceLock] Execution worker: acquired lock on worker lease
2026-01-04T17:41:41.109+0545 [DEBUG] [org.gradle.internal.resources.AbstractTrackedResourceLock] Execution worker: released lock on worker lease
2026-01-04T17:41:41.110+0545 [DEBUG] [org.gradle.execution.plan.DefaultFinalizedExecutionPlan] Node Resolve mutations for :app:processDebugManifest completed, executed: true
2026-01-04T17:41:41.110+0545 [DEBUG] [org.gradle.execution.plan.DefaultFinalizedExecutionPlan] Node Resolve mutations for :app:processDebugManifest finished executing
2026-01-04T17:41:41.110+0545 [DEBUG] [org.gradle.internal.operations.DefaultBuildOperationRunner] Completing Build operation 'Resolve mutations for task :app:dataBindingGenBaseClassesDebug'
2026-01-04T17:41:41.110+0545 [DEBUG] [org.gradle.internal.resources.AbstractTrackedResourceLock] Execution worker Thread 6: acquired lock on worker lease
2026-01-04T17:41:41.110+0545 [DEBUG] [org.gradle.internal.operations.DefaultBuildOperationRunner] Build operation 'Snapshot task inputs for :app:stripDebugDebugSymbols' started
2026-01-04T17:41:41.111+0545 [DEBUG] [org.gradle.internal.operations.DefaultBuildOperationRunner] Build operation 'Snapshot inputs and outputs before executing task ':app:stripDebugDebugSymbols'' started
2026-01-04T17:41:41.111+0545 [DEBUG] [org.gradle.internal.operations.DefaultBuildOperationRunner] Build operation 'Resolve mutations for task :app:dataBindingGenBaseClassesDebug' completed
2026-01-04T17:41:41.110+0545 [INFO] [org.gradle.execution.plan.DefaultPlanExecutor] :app:processDebugManifest (Thread[Execution worker Thread 7,5,main]) started.
2026-01-04T17:41:41.112+0545 [DEBUG] [org.gradle.internal.operations.DefaultBuildOperationRunner] Build operation 'Task :app:processDebugManifest' started
2026-01-04T17:41:41.112+0545 [DEBUG] [org.gradle.internal.operations.DefaultBuildOperationRunner] Build operation 'Snapshot task inputs for :app:processDebugManifest' started
2026-01-04T17:41:41.112+0545 [DEBUG] [org.gradle.internal.operations.DefaultBuildOperationRunner] Build operation 'Snapshot inputs and outputs before executing task ':app:processDebugManifest'' started
2026-01-04T17:41:41.116+0545 [DEBUG] [org.gradle.internal.operations.DefaultBuildOperationRunner] Completing Build operation 'Snapshot inputs and outputs before executing task ':app:stripDebugDebugSymbols''
2026-01-04T17:41:41.110+0545 [DEBUG] [org.gradle.internal.resources.AbstractTrackedResourceLock] Execution worker Thread 6: released lock on worker lease
2026-01-04T17:41:41.117+0545 [DEBUG] [org.gradle.internal.operations.DefaultBuildOperationRunner] Completing Build operation 'Snapshot inputs and outputs before executing task ':app:mergeExtDexDebug''
2026-01-04T17:41:41.118+0545 [DEBUG] [org.gradle.internal.operations.DefaultBuildOperationRunner] Completing Build operation 'Snapshot inputs and outputs before executing task ':app:processDebugManifest''
2026-01-04T17:41:41.118+0545 [DEBUG] [org.gradle.execution.plan.DefaultFinalizedExecutionPlan] Node Resolve mutations for :app:dataBindingGenBaseClassesDebug completed, executed: true
2026-01-04T17:41:41.120+0545 [DEBUG] [org.gradle.execution.plan.DefaultFinalizedExecutionPlan] Node Resolve mutations for :app:dataBindingGenBaseClassesDebug finished executing
2026-01-04T17:41:41.120+0545 [DEBUG] [org.gradle.internal.operations.DefaultBuildOperationRunner] Completing Build operation 'Snapshot task inputs for :app:stripDebugDebugSymbols'
2026-01-04T17:41:41.120+0545 [DEBUG] [org.gradle.internal.operations.DefaultBuildOperationRunner] Completing Build operation 'Snapshot task inputs for :app:mergeExtDexDebug'
2026-01-04T17:41:41.051+0545 [LIFECYCLE] [class org.gradle.internal.buildevents.TaskExecutionLogger] 
2026-01-04T17:41:41.051+0545 [LIFECYCLE] [class org.gradle.internal.buildevents.TaskExecutionLogger] > Task :app:mergeExtDexDebug UP-TO-DATE
2026-01-04T17:41:41.051+0545 [DEBUG] [org.gradle.api.internal.tasks.execution.ResolveTaskExecutionModeExecuter] Putting task artifact state for task ':app:mergeExtDexDebug' into context took 0.0 secs.
2026-01-04T17:41:41.052+0545 [DEBUG] [org.gradle.internal.execution.steps.AbstractCaptureStateBeforeExecutionStep] Implementation for task ':app:mergeExtDexDebug': com.android.build.gradle.internal.tasks.DexMergingTask_Decorated@4635d1901842c7d1eb7822b67da950d1
2026-01-04T17:41:41.057+0545 [DEBUG] [org.gradle.internal.execution.steps.AbstractCaptureStateBeforeExecutionStep] Additional implementations for task ':app:mergeExtDexDebug': [com.android.build.gradle.internal.tasks.DexMergingTask_Decorated@4635d1901842c7d1eb7822b67da950d1]
2026-01-04T17:41:41.059+0545 [DEBUG] [org.gradle.internal.operations.DefaultBuildOperationRunner] Build operation 'Fingerprint transform inputs' completed
2026-01-04T17:41:41.077+0545 [DEBUG] [org.gradle.internal.operations.DefaultBuildOperationRunner] Build operation 'Fingerprint transform inputs' completed
2026-01-04T17:41:41.078+0545 [DEBUG] [org.gradle.internal.operations.DefaultBuildOperationRunner] Build operation 'Fingerprint transform inputs' completed
2026-01-04T17:41:41.117+0545 [DEBUG] [org.gradle.internal.operations.DefaultBuildOperationRunner] Build operation 'Snapshot inputs and outputs before executing task ':app:mergeExtDexDebug'' completed
2026-01-04T17:41:41.119+0545 [INFO] [org.gradle.internal.execution.steps.AbstractResolveCachingStateStep] Caching disabled for task ':app:mergeExtDexDebug' because:
  Build cache is disabled
2026-01-04T17:41:41.120+0545 [DEBUG] [org.gradle.internal.operations.DefaultBuildOperationRunner] Build operation 'Snapshot task inputs for :app:mergeExtDexDebug' completed
2026-01-04T17:41:41.120+0545 [DEBUG] [org.gradle.internal.execution.steps.SkipUpToDateStep] Determining if task ':app:mergeExtDexDebug' is up-to-date
2026-01-04T17:41:41.120+0545 [INFO] [org.gradle.internal.execution.steps.SkipUpToDateStep] Skipping task ':app:mergeExtDexDebug' as it is up-to-date.
2026-01-04T17:41:41.121+0545 [DEBUG] [org.gradle.api.internal.tasks.execution.ResolveTaskExecutionModeExecuter] Removed task artifact state for task ':app:mergeExtDexDebug' from context.
2026-01-04T17:41:41.121+0545 [DEBUG] [org.gradle.internal.operations.DefaultBuildOperationRunner] Completing Build operation 'Task :app:mergeExtDexDebug'
2026-01-04T17:41:41.121+0545 [DEBUG] [org.gradle.internal.operations.DefaultBuildOperationRunner] Build operation 'Task :app:mergeExtDexDebug' completed
2026-01-04T17:41:41.121+0545 [DEBUG] [org.gradle.execution.plan.DefaultFinalizedExecutionPlan] Node :app:mergeExtDexDebug completed, executed: true
2026-01-04T17:41:41.121+0545 [DEBUG] [org.gradle.execution.plan.DefaultFinalizedExecutionPlan] Node :app:mergeExtDexDebug finished executing
2026-01-04T17:41:41.121+0545 [DEBUG] [org.gradle.internal.resources.AbstractTrackedResourceLock] Execution worker Thread 4: released lock on worker lease
2026-01-04T17:41:41.121+0545 [DEBUG] [org.gradle.internal.resources.AbstractTrackedResourceLock] Execution worker: acquired lock on worker lease
2026-01-04T17:41:41.122+0545 [DEBUG] [org.gradle.internal.resources.AbstractTrackedResourceLock] Execution worker: released lock on worker lease
2026-01-04T17:41:41.122+0545 [DEBUG] [org.gradle.internal.resources.AbstractTrackedResourceLock] Execution worker Thread 5: acquired lock on worker lease
2026-01-04T17:41:41.122+0545 [DEBUG] [org.gradle.internal.resources.AbstractTrackedResourceLock] Execution worker Thread 5: released lock on worker lease
2026-01-04T17:41:41.123+0545 [DEBUG] [org.gradle.internal.operations.DefaultBuildOperationRunner] Completing Build operation 'Snapshot task inputs for :app:processDebugManifest'
2026-01-04T17:41:41.112+0545 [LIFECYCLE] [class org.gradle.internal.buildevents.TaskExecutionLogger] 
2026-01-04T17:41:41.112+0545 [LIFECYCLE] [class org.gradle.internal.buildevents.TaskExecutionLogger] > Task :app:processDebugManifest UP-TO-DATE
2026-01-04T17:41:41.112+0545 [DEBUG] [org.gradle.api.internal.tasks.execution.ResolveTaskExecutionModeExecuter] Putting task artifact state for task ':app:processDebugManifest' into context took 0.0 secs.
2026-01-04T17:41:41.116+0545 [DEBUG] [org.gradle.internal.execution.steps.AbstractCaptureStateBeforeExecutionStep] Implementation for task ':app:processDebugManifest': com.android.build.gradle.tasks.ProcessMultiApkApplicationManifest_Decorated@4635d1901842c7d1eb7822b67da950d1
2026-01-04T17:41:41.118+0545 [DEBUG] [org.gradle.internal.execution.steps.AbstractCaptureStateBeforeExecutionStep] Additional implementations for task ':app:processDebugManifest': [com.android.build.gradle.tasks.ProcessMultiApkApplicationManifest_Decorated@4635d1901842c7d1eb7822b67da950d1]
2026-01-04T17:41:41.119+0545 [DEBUG] [org.gradle.internal.operations.DefaultBuildOperationRunner] Build operation 'Snapshot inputs and outputs before executing task ':app:processDebugManifest'' completed
2026-01-04T17:41:41.123+0545 [INFO] [org.gradle.internal.execution.steps.AbstractResolveCachingStateStep] Caching disabled for task ':app:processDebugManifest' because:
  Build cache is disabled
2026-01-04T17:41:41.123+0545 [DEBUG] [org.gradle.internal.operations.DefaultBuildOperationRunner] Build operation 'Snapshot task inputs for :app:processDebugManifest' completed
2026-01-04T17:41:41.123+0545 [DEBUG] [org.gradle.internal.execution.steps.SkipUpToDateStep] Determining if task ':app:processDebugManifest' is up-to-date
2026-01-04T17:41:41.123+0545 [INFO] [org.gradle.internal.execution.steps.SkipUpToDateStep] Skipping task ':app:processDebugManifest' as it is up-to-date.
2026-01-04T17:41:41.124+0545 [DEBUG] [org.gradle.api.internal.tasks.execution.ResolveTaskExecutionModeExecuter] Removed task artifact state for task ':app:processDebugManifest' from context.
2026-01-04T17:41:41.124+0545 [DEBUG] [org.gradle.internal.operations.DefaultBuildOperationRunner] Completing Build operation 'Task :app:processDebugManifest'
2026-01-04T17:41:41.124+0545 [DEBUG] [org.gradle.internal.operations.DefaultBuildOperationRunner] Build operation 'Task :app:processDebugManifest' completed
2026-01-04T17:41:41.120+0545 [INFO] [org.gradle.execution.plan.DefaultPlanExecutor] :app:dataBindingGenBaseClassesDebug (Thread[Execution worker Thread 3,5,main]) started.
2026-01-04T17:41:41.125+0545 [DEBUG] [org.gradle.internal.operations.DefaultBuildOperationRunner] Build operation 'Task :app:dataBindingGenBaseClassesDebug' started
2026-01-04T17:41:41.110+0545 [LIFECYCLE] [class org.gradle.internal.buildevents.TaskExecutionLogger] 
2026-01-04T17:41:41.110+0545 [LIFECYCLE] [class org.gradle.internal.buildevents.TaskExecutionLogger] > Task :app:stripDebugDebugSymbols UP-TO-DATE
2026-01-04T17:41:41.110+0545 [DEBUG] [org.gradle.api.internal.tasks.execution.ResolveTaskExecutionModeExecuter] Putting task artifact state for task ':app:stripDebugDebugSymbols' into context took 0.0 secs.
2026-01-04T17:41:41.111+0545 [DEBUG] [org.gradle.internal.execution.steps.AbstractCaptureStateBeforeExecutionStep] Implementation for task ':app:stripDebugDebugSymbols': com.android.build.gradle.internal.tasks.StripDebugSymbolsTask_Decorated@4635d1901842c7d1eb7822b67da950d1
2026-01-04T17:41:41.111+0545 [DEBUG] [org.gradle.internal.execution.steps.AbstractCaptureStateBeforeExecutionStep] Additional implementations for task ':app:stripDebugDebugSymbols': [com.android.build.gradle.internal.tasks.StripDebugSymbolsTask_Decorated@4635d1901842c7d1eb7822b67da950d1]
2026-01-04T17:41:41.116+0545 [DEBUG] [org.gradle.internal.operations.DefaultBuildOperationRunner] Build operation 'Snapshot inputs and outputs before executing task ':app:stripDebugDebugSymbols'' completed
2026-01-04T17:41:41.119+0545 [INFO] [org.gradle.internal.execution.steps.AbstractResolveCachingStateStep] Caching disabled for task ':app:stripDebugDebugSymbols' because:
  Build cache is disabled
  Caching has been disabled for the task
2026-01-04T17:41:41.120+0545 [DEBUG] [org.gradle.internal.operations.DefaultBuildOperationRunner] Build operation 'Snapshot task inputs for :app:stripDebugDebugSymbols' completed
2026-01-04T17:41:41.122+0545 [DEBUG] [org.gradle.internal.execution.steps.SkipUpToDateStep] Determining if task ':app:stripDebugDebugSymbols' is up-to-date
2026-01-04T17:41:41.123+0545 [INFO] [org.gradle.internal.execution.steps.SkipUpToDateStep] Skipping task ':app:stripDebugDebugSymbols' as it is up-to-date.
2026-01-04T17:41:41.124+0545 [DEBUG] [org.gradle.api.internal.tasks.execution.ResolveTaskExecutionModeExecuter] Removed task artifact state for task ':app:stripDebugDebugSymbols' from context.
2026-01-04T17:41:41.126+0545 [DEBUG] [org.gradle.internal.operations.DefaultBuildOperationRunner] Completing Build operation 'Task :app:stripDebugDebugSymbols'
2026-01-04T17:41:41.126+0545 [DEBUG] [org.gradle.internal.operations.DefaultBuildOperationRunner] Build operation 'Task :app:stripDebugDebugSymbols' completed
2026-01-04T17:41:41.127+0545 [DEBUG] [org.gradle.internal.operations.DefaultBuildOperationRunner] Build operation 'Snapshot task inputs for :app:dataBindingGenBaseClassesDebug' started
2026-01-04T17:41:41.127+0545 [DEBUG] [org.gradle.internal.operations.DefaultBuildOperationRunner] Build operation 'Snapshot inputs and outputs before executing task ':app:dataBindingGenBaseClassesDebug'' started
2026-01-04T17:41:41.122+0545 [DEBUG] [org.gradle.internal.resources.AbstractTrackedResourceLock] included builds: acquired lock on worker lease
2026-01-04T17:41:41.128+0545 [DEBUG] [org.gradle.internal.resources.AbstractTrackedResourceLock] included builds: released lock on worker lease
2026-01-04T17:41:41.128+0545 [DEBUG] [org.gradle.execution.plan.DefaultFinalizedExecutionPlan] Node :app:stripDebugDebugSymbols completed, executed: true
2026-01-04T17:41:41.128+0545 [DEBUG] [org.gradle.execution.plan.DefaultFinalizedExecutionPlan] Node :app:stripDebugDebugSymbols finished executing
2026-01-04T17:41:41.128+0545 [DEBUG] [org.gradle.internal.resources.AbstractTrackedResourceLock] Execution worker Thread 2: released lock on worker lease
2026-01-04T17:41:41.129+0545 [DEBUG] [org.gradle.execution.plan.DefaultFinalizedExecutionPlan] Node :app:processDebugManifest completed, executed: true
2026-01-04T17:41:41.129+0545 [DEBUG] [org.gradle.internal.operations.DefaultBuildOperationRunner] Build operation 'Fingerprint transform inputs' started
2026-01-04T17:41:41.129+0545 [DEBUG] [org.gradle.execution.plan.DefaultFinalizedExecutionPlan] Node :app:processDebugManifest finished executing
2026-01-04T17:41:41.129+0545 [DEBUG] [org.gradle.internal.operations.DefaultBuildOperationRunner] Completing Build operation 'Fingerprint transform inputs'
2026-01-04T17:41:41.129+0545 [DEBUG] [org.gradle.internal.resources.AbstractTrackedResourceLock] Execution worker Thread 6: acquired lock on worker lease
2026-01-04T17:41:41.130+0545 [INFO] [org.gradle.execution.plan.DefaultPlanExecutor] Resolve mutations for :app:processDebugManifestForPackage (Thread[Execution worker Thread 6,5,main]) started.
2026-01-04T17:41:41.131+0545 [DEBUG] [org.gradle.internal.operations.DefaultBuildOperationRunner] Build operation 'Resolve mutations for task :app:processDebugManifestForPackage' started
2026-01-04T17:41:41.131+0545 [DEBUG] [org.gradle.internal.resources.AbstractTrackedResourceLock] Execution worker Thread 7: released lock on worker lease
2026-01-04T17:41:41.132+0545 [DEBUG] [org.gradle.internal.operations.DefaultBuildOperationRunner] Completing Build operation 'Resolve mutations for task :app:processDebugManifestForPackage'
2026-01-04T17:41:41.132+0545 [DEBUG] [org.gradle.internal.operations.DefaultBuildOperationRunner] Build operation 'Resolve mutations for task :app:processDebugManifestForPackage' completed
2026-01-04T17:41:41.132+0545 [DEBUG] [org.gradle.internal.resources.AbstractTrackedResourceLock] Execution worker Thread 2: acquired lock on worker lease
2026-01-04T17:41:41.133+0545 [DEBUG] [org.gradle.internal.resources.AbstractTrackedResourceLock] Execution worker Thread 2: released lock on worker lease
2026-01-04T17:41:41.133+0545 [DEBUG] [org.gradle.internal.resources.AbstractTrackedResourceLock] included builds: acquired lock on worker lease
2026-01-04T17:41:41.133+0545 [DEBUG] [org.gradle.internal.resources.AbstractTrackedResourceLock] included builds: released lock on worker lease
2026-01-04T17:41:41.133+0545 [DEBUG] [org.gradle.internal.resources.AbstractTrackedResourceLock] Execution worker Thread 5: acquired lock on worker lease
2026-01-04T17:41:41.133+0545 [DEBUG] [org.gradle.internal.resources.AbstractTrackedResourceLock] Execution worker Thread 5: released lock on worker lease
2026-01-04T17:41:41.133+0545 [DEBUG] [org.gradle.internal.resources.AbstractTrackedResourceLock] Execution worker: acquired lock on worker lease
2026-01-04T17:41:41.133+0545 [DEBUG] [org.gradle.internal.resources.AbstractTrackedResourceLock] Execution worker: released lock on worker lease
2026-01-04T17:41:41.134+0545 [DEBUG] [org.gradle.internal.resources.AbstractTrackedResourceLock] Execution worker Thread 4: acquired lock on worker lease
2026-01-04T17:41:41.134+0545 [DEBUG] [org.gradle.internal.resources.AbstractTrackedResourceLock] Execution worker Thread 4: released lock on worker lease
2026-01-04T17:41:41.134+0545 [DEBUG] [org.gradle.execution.plan.DefaultFinalizedExecutionPlan] Node Resolve mutations for :app:processDebugManifestForPackage completed, executed: true
2026-01-04T17:41:41.134+0545 [DEBUG] [org.gradle.execution.plan.DefaultFinalizedExecutionPlan] Node Resolve mutations for :app:processDebugManifestForPackage finished executing
2026-01-04T17:41:41.135+0545 [DEBUG] [org.gradle.internal.resources.AbstractTrackedResourceLock] Execution worker Thread 7: acquired lock on worker lease
2026-01-04T17:41:41.135+0545 [INFO] [org.gradle.execution.plan.DefaultPlanExecutor] :app:processDebugManifestForPackage (Thread[Execution worker Thread 7,5,main]) started.
2026-01-04T17:41:41.135+0545 [DEBUG] [org.gradle.internal.operations.DefaultBuildOperationRunner] Build operation 'Task :app:processDebugManifestForPackage' started
2026-01-04T17:41:41.136+0545 [DEBUG] [org.gradle.internal.resources.AbstractTrackedResourceLock] Execution worker Thread 6: released lock on worker lease
2026-01-04T17:41:41.136+0545 [DEBUG] [org.gradle.internal.resources.AbstractTrackedResourceLock] Execution worker Thread 4: acquired lock on worker lease
2026-01-04T17:41:41.136+0545 [DEBUG] [org.gradle.internal.resources.AbstractTrackedResourceLock] Execution worker Thread 4: released lock on worker lease
2026-01-04T17:41:41.136+0545 [DEBUG] [org.gradle.internal.resources.AbstractTrackedResourceLock] Execution worker: acquired lock on worker lease
2026-01-04T17:41:41.136+0545 [DEBUG] [org.gradle.internal.resources.AbstractTrackedResourceLock] Execution worker: released lock on worker lease
2026-01-04T17:41:41.137+0545 [DEBUG] [org.gradle.internal.resources.AbstractTrackedResourceLock] Execution worker Thread 5: acquired lock on worker lease
2026-01-04T17:41:41.137+0545 [DEBUG] [org.gradle.internal.resources.AbstractTrackedResourceLock] Execution worker Thread 5: released lock on worker lease
2026-01-04T17:41:41.137+0545 [DEBUG] [org.gradle.internal.resources.AbstractTrackedResourceLock] included builds: acquired lock on worker lease
2026-01-04T17:41:41.137+0545 [DEBUG] [org.gradle.internal.resources.AbstractTrackedResourceLock] included builds: released lock on worker lease
2026-01-04T17:41:41.137+0545 [DEBUG] [org.gradle.internal.resources.AbstractTrackedResourceLock] Execution worker Thread 2: acquired lock on worker lease
2026-01-04T17:41:41.137+0545 [DEBUG] [org.gradle.internal.resources.AbstractTrackedResourceLock] Execution worker Thread 2: released lock on worker lease
2026-01-04T17:41:41.137+0545 [DEBUG] [org.gradle.internal.operations.DefaultBuildOperationRunner] Build operation 'Snapshot task inputs for :app:processDebugManifestForPackage' started
2026-01-04T17:41:41.138+0545 [DEBUG] [org.gradle.internal.operations.DefaultBuildOperationRunner] Build operation 'Snapshot inputs and outputs before executing task ':app:processDebugManifestForPackage'' started
2026-01-04T17:41:41.139+0545 [DEBUG] [org.gradle.internal.operations.DefaultBuildOperationRunner] Completing Build operation 'Snapshot inputs and outputs before executing task ':app:processDebugManifestForPackage''
2026-01-04T17:41:41.141+0545 [DEBUG] [org.gradle.internal.operations.DefaultBuildOperationRunner] Build operation 'Fingerprint transform inputs' started
2026-01-04T17:41:41.141+0545 [DEBUG] [org.gradle.internal.operations.DefaultBuildOperationRunner] Completing Build operation 'Snapshot task inputs for :app:processDebugManifestForPackage'
2026-01-04T17:41:41.136+0545 [LIFECYCLE] [class org.gradle.internal.buildevents.TaskExecutionLogger] 
2026-01-04T17:41:41.136+0545 [LIFECYCLE] [class org.gradle.internal.buildevents.TaskExecutionLogger] > Task :app:processDebugManifestForPackage UP-TO-DATE
2026-01-04T17:41:41.136+0545 [DEBUG] [org.gradle.api.internal.tasks.execution.ResolveTaskExecutionModeExecuter] Putting task artifact state for task ':app:processDebugManifestForPackage' into context took 0.0 secs.
2026-01-04T17:41:41.138+0545 [DEBUG] [org.gradle.internal.execution.steps.AbstractCaptureStateBeforeExecutionStep] Implementation for task ':app:processDebugManifestForPackage': com.android.build.gradle.tasks.ProcessPackagedManifestTask_Decorated@4635d1901842c7d1eb7822b67da950d1
2026-01-04T17:41:41.138+0545 [DEBUG] [org.gradle.internal.execution.steps.AbstractCaptureStateBeforeExecutionStep] Additional implementations for task ':app:processDebugManifestForPackage': [com.android.build.gradle.tasks.ProcessPackagedManifestTask_Decorated@4635d1901842c7d1eb7822b67da950d1, com.android.build.api.artifact.impl.InAndOutDirectoryOperationRequestImpl$Companion$initializeInput$1$1@4635d1901842c7d1eb7822b67da950d1]
2026-01-04T17:41:41.140+0545 [DEBUG] [org.gradle.internal.operations.DefaultBuildOperationRunner] Build operation 'Snapshot inputs and outputs before executing task ':app:processDebugManifestForPackage'' completed
2026-01-04T17:41:41.141+0545 [INFO] [org.gradle.internal.execution.steps.AbstractResolveCachingStateStep] Caching disabled for task ':app:processDebugManifestForPackage' because:
  Build cache is disabled
2026-01-04T17:41:41.142+0545 [DEBUG] [org.gradle.internal.operations.DefaultBuildOperationRunner] Build operation 'Snapshot task inputs for :app:processDebugManifestForPackage' completed
2026-01-04T17:41:41.142+0545 [DEBUG] [org.gradle.internal.execution.steps.SkipUpToDateStep] Determining if task ':app:processDebugManifestForPackage' is up-to-date
2026-01-04T17:41:41.142+0545 [INFO] [org.gradle.internal.execution.steps.SkipUpToDateStep] Skipping task ':app:processDebugManifestForPackage' as it is up-to-date.
2026-01-04T17:41:41.143+0545 [DEBUG] [org.gradle.api.internal.tasks.execution.ResolveTaskExecutionModeExecuter] Removed task artifact state for task ':app:processDebugManifestForPackage' from context.
2026-01-04T17:41:41.143+0545 [DEBUG] [org.gradle.internal.operations.DefaultBuildOperationRunner] Completing Build operation 'Fingerprint transform inputs'
2026-01-04T17:41:41.143+0545 [DEBUG] [org.gradle.internal.operations.DefaultBuildOperationRunner] Completing Build operation 'Task :app:processDebugManifestForPackage'
2026-01-04T17:41:41.144+0545 [DEBUG] [org.gradle.internal.operations.DefaultBuildOperationRunner] Build operation 'Task :app:processDebugManifestForPackage' completed
2026-01-04T17:41:41.144+0545 [DEBUG] [org.gradle.execution.plan.DefaultFinalizedExecutionPlan] Node :app:processDebugManifestForPackage completed, executed: true
2026-01-04T17:41:41.144+0545 [DEBUG] [org.gradle.execution.plan.DefaultFinalizedExecutionPlan] Node :app:processDebugManifestForPackage finished executing
2026-01-04T17:41:41.144+0545 [DEBUG] [org.gradle.internal.resources.AbstractTrackedResourceLock] Execution worker Thread 6: acquired lock on worker lease
2026-01-04T17:41:41.144+0545 [INFO] [org.gradle.execution.plan.DefaultPlanExecutor] Resolve mutations for :app:processDebugResources (Thread[Execution worker Thread 6,5,main]) started.
2026-01-04T17:41:41.144+0545 [DEBUG] [org.gradle.internal.operations.DefaultBuildOperationRunner] Build operation 'Resolve mutations for task :app:processDebugResources' started
2026-01-04T17:41:41.145+0545 [DEBUG] [org.gradle.internal.operations.DefaultBuildOperationRunner] Completing Build operation 'Resolve mutations for task :app:processDebugResources'
2026-01-04T17:41:41.145+0545 [DEBUG] [org.gradle.internal.operations.DefaultBuildOperationRunner] Build operation 'Resolve mutations for task :app:processDebugResources' completed
2026-01-04T17:41:41.146+0545 [DEBUG] [org.gradle.execution.plan.DefaultFinalizedExecutionPlan] Node Resolve mutations for :app:processDebugResources completed, executed: true
2026-01-04T17:41:41.146+0545 [DEBUG] [org.gradle.execution.plan.DefaultFinalizedExecutionPlan] Node Resolve mutations for :app:processDebugResources finished executing
2026-01-04T17:41:41.146+0545 [INFO] [org.gradle.execution.plan.DefaultPlanExecutor] :app:processDebugResources (Thread[Execution worker Thread 6,5,main]) started.
2026-01-04T17:41:41.146+0545 [DEBUG] [org.gradle.internal.resources.AbstractTrackedResourceLock] Execution worker Thread 7: released lock on worker lease
2026-01-04T17:41:41.146+0545 [DEBUG] [org.gradle.internal.resources.AbstractTrackedResourceLock] Execution worker Thread 2: acquired lock on worker lease
2026-01-04T17:41:41.146+0545 [DEBUG] [org.gradle.internal.resources.AbstractTrackedResourceLock] Execution worker Thread 2: released lock on worker lease
2026-01-04T17:41:41.146+0545 [DEBUG] [org.gradle.internal.resources.AbstractTrackedResourceLock] included builds: acquired lock on worker lease
2026-01-04T17:41:41.146+0545 [DEBUG] [org.gradle.internal.resources.AbstractTrackedResourceLock] included builds: released lock on worker lease
2026-01-04T17:41:41.146+0545 [DEBUG] [org.gradle.internal.resources.AbstractTrackedResourceLock] Execution worker Thread 5: acquired lock on worker lease
2026-01-04T17:41:41.147+0545 [DEBUG] [org.gradle.internal.resources.AbstractTrackedResourceLock] Execution worker Thread 5: released lock on worker lease
2026-01-04T17:41:41.147+0545 [DEBUG] [org.gradle.internal.resources.AbstractTrackedResourceLock] Execution worker: acquired lock on worker lease
2026-01-04T17:41:41.147+0545 [DEBUG] [org.gradle.internal.resources.AbstractTrackedResourceLock] Execution worker: released lock on worker lease
2026-01-04T17:41:41.147+0545 [DEBUG] [org.gradle.internal.resources.AbstractTrackedResourceLock] Execution worker Thread 4: acquired lock on worker lease
2026-01-04T17:41:41.147+0545 [DEBUG] [org.gradle.internal.resources.AbstractTrackedResourceLock] Execution worker Thread 4: released lock on worker lease
2026-01-04T17:41:41.147+0545 [DEBUG] [org.gradle.internal.operations.DefaultBuildOperationRunner] Build operation 'Task :app:processDebugResources' started
2026-01-04T17:41:41.149+0545 [DEBUG] [org.gradle.internal.operations.DefaultBuildOperationRunner] Build operation 'Snapshot task inputs for :app:processDebugResources' started
2026-01-04T17:41:41.150+0545 [DEBUG] [org.gradle.internal.operations.DefaultBuildOperationRunner] Build operation 'Snapshot inputs and outputs before executing task ':app:processDebugResources'' started
2026-01-04T17:41:41.152+0545 [DEBUG] [org.gradle.internal.operations.DefaultBuildOperationRunner] Completing Build operation 'Snapshot inputs and outputs before executing task ':app:dataBindingGenBaseClassesDebug''
2026-01-04T17:41:41.153+0545 [DEBUG] [org.gradle.internal.operations.DefaultBuildOperationRunner] Completing Build operation 'Snapshot task inputs for :app:dataBindingGenBaseClassesDebug'
2026-01-04T17:41:41.125+0545 [LIFECYCLE] [class org.gradle.internal.buildevents.TaskExecutionLogger] 
2026-01-04T17:41:41.125+0545 [LIFECYCLE] [class org.gradle.internal.buildevents.TaskExecutionLogger] > Task :app:dataBindingGenBaseClassesDebug UP-TO-DATE
2026-01-04T17:41:41.125+0545 [DEBUG] [org.gradle.api.internal.tasks.execution.ResolveTaskExecutionModeExecuter] Putting task artifact state for task ':app:dataBindingGenBaseClassesDebug' into context took 0.0 secs.
2026-01-04T17:41:41.127+0545 [DEBUG] [org.gradle.internal.execution.steps.AbstractCaptureStateBeforeExecutionStep] Implementation for task ':app:dataBindingGenBaseClassesDebug': com.android.build.gradle.internal.tasks.databinding.DataBindingGenBaseClassesTask_Decorated@4635d1901842c7d1eb7822b67da950d1
2026-01-04T17:41:41.127+0545 [DEBUG] [org.gradle.internal.execution.steps.AbstractCaptureStateBeforeExecutionStep] Additional implementations for task ':app:dataBindingGenBaseClassesDebug': [com.android.build.gradle.internal.tasks.databinding.DataBindingGenBaseClassesTask_Decorated@4635d1901842c7d1eb7822b67da950d1]
2026-01-04T17:41:41.129+0545 [DEBUG] [org.gradle.internal.operations.DefaultBuildOperationRunner] Build operation 'Fingerprint transform inputs' completed
2026-01-04T17:41:41.143+0545 [DEBUG] [org.gradle.internal.operations.DefaultBuildOperationRunner] Build operation 'Fingerprint transform inputs' completed
2026-01-04T17:41:41.152+0545 [DEBUG] [org.gradle.internal.operations.DefaultBuildOperationRunner] Build operation 'Snapshot inputs and outputs before executing task ':app:dataBindingGenBaseClassesDebug'' completed
2026-01-04T17:41:41.153+0545 [INFO] [org.gradle.internal.execution.steps.AbstractResolveCachingStateStep] Caching disabled for task ':app:dataBindingGenBaseClassesDebug' because:
  Build cache is disabled
2026-01-04T17:41:41.153+0545 [DEBUG] [org.gradle.internal.operations.DefaultBuildOperationRunner] Build operation 'Snapshot task inputs for :app:dataBindingGenBaseClassesDebug' completed
2026-01-04T17:41:41.153+0545 [DEBUG] [org.gradle.internal.execution.steps.SkipUpToDateStep] Determining if task ':app:dataBindingGenBaseClassesDebug' is up-to-date
2026-01-04T17:41:41.153+0545 [INFO] [org.gradle.internal.execution.steps.SkipUpToDateStep] Skipping task ':app:dataBindingGenBaseClassesDebug' as it is up-to-date.
2026-01-04T17:41:41.153+0545 [DEBUG] [org.gradle.api.internal.tasks.execution.ResolveTaskExecutionModeExecuter] Removed task artifact state for task ':app:dataBindingGenBaseClassesDebug' from context.
2026-01-04T17:41:41.154+0545 [DEBUG] [org.gradle.internal.operations.DefaultBuildOperationRunner] Completing Build operation 'Task :app:dataBindingGenBaseClassesDebug'
2026-01-04T17:41:41.154+0545 [DEBUG] [org.gradle.internal.operations.DefaultBuildOperationRunner] Build operation 'Task :app:dataBindingGenBaseClassesDebug' completed
2026-01-04T17:41:41.154+0545 [DEBUG] [org.gradle.execution.plan.DefaultFinalizedExecutionPlan] Node :app:dataBindingGenBaseClassesDebug completed, executed: true
2026-01-04T17:41:41.154+0545 [DEBUG] [org.gradle.execution.plan.DefaultFinalizedExecutionPlan] Node :app:dataBindingGenBaseClassesDebug finished executing
2026-01-04T17:41:41.154+0545 [DEBUG] [org.gradle.internal.resources.AbstractTrackedResourceLock] Execution worker Thread 3: released lock on worker lease
2026-01-04T17:41:41.154+0545 [DEBUG] [org.gradle.internal.resources.AbstractTrackedResourceLock] Execution worker Thread 7: acquired lock on worker lease
2026-01-04T17:41:41.154+0545 [DEBUG] [org.gradle.internal.resources.AbstractTrackedResourceLock] Execution worker Thread 7: released lock on worker lease
2026-01-04T17:41:41.154+0545 [DEBUG] [org.gradle.internal.resources.AbstractTrackedResourceLock] Execution worker Thread 4: acquired lock on worker lease
2026-01-04T17:41:41.154+0545 [DEBUG] [org.gradle.internal.resources.AbstractTrackedResourceLock] Execution worker Thread 4: released lock on worker lease
2026-01-04T17:41:41.154+0545 [DEBUG] [org.gradle.internal.resources.AbstractTrackedResourceLock] Execution worker: acquired lock on worker lease
2026-01-04T17:41:41.155+0545 [DEBUG] [org.gradle.internal.resources.AbstractTrackedResourceLock] Execution worker: released lock on worker lease
2026-01-04T17:41:41.155+0545 [DEBUG] [org.gradle.internal.resources.AbstractTrackedResourceLock] Execution worker Thread 5: acquired lock on worker lease
2026-01-04T17:41:41.155+0545 [DEBUG] [org.gradle.internal.resources.AbstractTrackedResourceLock] Execution worker Thread 5: released lock on worker lease
2026-01-04T17:41:41.155+0545 [DEBUG] [org.gradle.internal.resources.AbstractTrackedResourceLock] included builds: acquired lock on worker lease
2026-01-04T17:41:41.155+0545 [DEBUG] [org.gradle.internal.resources.AbstractTrackedResourceLock] included builds: released lock on worker lease
2026-01-04T17:41:41.155+0545 [DEBUG] [org.gradle.internal.resources.AbstractTrackedResourceLock] Execution worker Thread 2: acquired lock on worker lease
2026-01-04T17:41:41.155+0545 [DEBUG] [org.gradle.internal.resources.AbstractTrackedResourceLock] Execution worker Thread 2: released lock on worker lease
2026-01-04T17:41:41.200+0545 [DEBUG] [org.gradle.internal.operations.DefaultBuildOperationRunner] Build operation 'Fingerprint transform inputs' started
2026-01-04T17:41:41.201+0545 [DEBUG] [org.gradle.internal.operations.DefaultBuildOperationRunner] Completing Build operation 'Fingerprint transform inputs'
2026-01-04T17:41:41.201+0545 [DEBUG] [org.gradle.internal.operations.DefaultBuildOperationRunner] Build operation 'Fingerprint transform inputs' started
2026-01-04T17:41:41.202+0545 [DEBUG] [org.gradle.internal.operations.DefaultBuildOperationRunner] Completing Build operation 'Fingerprint transform inputs'
2026-01-04T17:41:41.230+0545 [DEBUG] [org.gradle.internal.operations.DefaultBuildOperationRunner] Completing Build operation 'Snapshot inputs and outputs before executing task ':app:processDebugResources''
2026-01-04T17:41:41.235+0545 [DEBUG] [org.gradle.internal.operations.DefaultBuildOperationRunner] Completing Build operation 'Snapshot task inputs for :app:processDebugResources'
2026-01-04T17:41:41.244+0545 [DEBUG] [org.gradle.internal.operations.DefaultBuildOperationRunner] Build operation 'Executing task ':app:processDebugResources'' started
2026-01-04T17:41:41.245+0545 [DEBUG] [org.gradle.internal.operations.DefaultBuildOperationRunner] Build operation 'Execute taskAction for :app:processDebugResources' started
2026-01-04T17:41:41.253+0545 [DEBUG] [org.gradle.internal.resources.AbstractTrackedResourceLock] WorkerExecutor Queue: acquired lock on worker lease
2026-01-04T17:41:41.254+0545 [DEBUG] [org.gradle.internal.operations.DefaultBuildOperationRunner] Build operation 'com.android.build.gradle.internal.res.LinkApplicationAndroidResourcesTask$TaskAction' started
2026-01-04T17:41:41.254+0545 [DEBUG] [org.gradle.internal.resources.AbstractTrackedResourceLock] Execution worker Thread 3: acquired lock on worker lease
2026-01-04T17:41:41.255+0545 [DEBUG] [org.gradle.internal.resources.AbstractTrackedResourceLock] Execution worker Thread 3: released lock on worker lease
2026-01-04T17:41:41.255+0545 [DEBUG] [org.gradle.internal.resources.AbstractTrackedResourceLock] Execution worker Thread 2: acquired lock on worker lease
2026-01-04T17:41:41.255+0545 [DEBUG] [org.gradle.internal.resources.AbstractTrackedResourceLock] Execution worker Thread 2: released lock on worker lease
2026-01-04T17:41:41.255+0545 [DEBUG] [org.gradle.internal.resources.AbstractTrackedResourceLock] included builds: acquired lock on worker lease
2026-01-04T17:41:41.255+0545 [DEBUG] [org.gradle.internal.resources.AbstractTrackedResourceLock] included builds: released lock on worker lease
2026-01-04T17:41:41.255+0545 [DEBUG] [org.gradle.internal.resources.AbstractTrackedResourceLock] Execution worker Thread 5: acquired lock on worker lease
2026-01-04T17:41:41.255+0545 [DEBUG] [org.gradle.internal.resources.AbstractTrackedResourceLock] Execution worker Thread 5: released lock on worker lease
2026-01-04T17:41:41.255+0545 [DEBUG] [org.gradle.internal.resources.AbstractTrackedResourceLock] Execution worker: acquired lock on worker lease
2026-01-04T17:41:41.255+0545 [DEBUG] [org.gradle.internal.resources.AbstractTrackedResourceLock] Execution worker: released lock on worker lease
2026-01-04T17:41:41.257+0545 [DEBUG] [org.gradle.internal.resources.AbstractTrackedResourceLock] Execution worker Thread 4: acquired lock on worker lease
2026-01-04T17:41:41.258+0545 [DEBUG] [org.gradle.internal.resources.AbstractTrackedResourceLock] Execution worker Thread 4: released lock on worker lease
2026-01-04T17:41:41.258+0545 [DEBUG] [org.gradle.internal.resources.AbstractTrackedResourceLock] Execution worker Thread 7: acquired lock on worker lease
2026-01-04T17:41:41.258+0545 [DEBUG] [org.gradle.internal.resources.AbstractTrackedResourceLock] Execution worker Thread 7: released lock on worker lease
2026-01-04T17:41:41.791+0545 [DEBUG] [org.gradle.internal.operations.DefaultBuildOperationRunner] Completing Build operation 'com.android.build.gradle.internal.res.LinkApplicationAndroidResourcesTask$TaskAction'
2026-01-04T17:41:41.791+0545 [DEBUG] [org.gradle.internal.operations.DefaultBuildOperationRunner] Build operation 'com.android.build.gradle.internal.res.LinkApplicationAndroidResourcesTask$TaskAction' completed
2026-01-04T17:41:41.791+0545 [DEBUG] [org.gradle.internal.resources.AbstractTrackedResourceLock] WorkerExecutor Queue: released lock on worker lease
2026-01-04T17:41:41.791+0545 [DEBUG] [org.gradle.internal.resources.AbstractTrackedResourceLock] Execution worker Thread 3: acquired lock on worker lease
2026-01-04T17:41:41.791+0545 [DEBUG] [org.gradle.internal.resources.AbstractTrackedResourceLock] Execution worker Thread 3: released lock on worker lease
2026-01-04T17:41:41.791+0545 [DEBUG] [org.gradle.internal.resources.AbstractTrackedResourceLock] Execution worker Thread 7: acquired lock on worker lease
2026-01-04T17:41:41.791+0545 [DEBUG] [org.gradle.internal.resources.AbstractTrackedResourceLock] Execution worker Thread 7: released lock on worker lease
2026-01-04T17:41:41.791+0545 [DEBUG] [org.gradle.internal.operations.DefaultBuildOperationRunner] Completing Build operation 'Execute taskAction for :app:processDebugResources'
2026-01-04T17:41:41.792+0545 [DEBUG] [org.gradle.internal.resources.AbstractTrackedResourceLock] Execution worker Thread 4: acquired lock on worker lease
2026-01-04T17:41:41.792+0545 [DEBUG] [org.gradle.internal.resources.AbstractTrackedResourceLock] Execution worker Thread 4: released lock on worker lease
2026-01-04T17:41:41.792+0545 [DEBUG] [org.gradle.internal.resources.AbstractTrackedResourceLock] Execution worker: acquired lock on worker lease
2026-01-04T17:41:41.792+0545 [DEBUG] [org.gradle.internal.operations.DefaultBuildOperationRunner] Completing Build operation 'Executing task ':app:processDebugResources''
2026-01-04T17:41:41.792+0545 [DEBUG] [org.gradle.internal.resources.AbstractTrackedResourceLock] Execution worker: released lock on worker lease
2026-01-04T17:41:41.792+0545 [DEBUG] [org.gradle.internal.resources.AbstractTrackedResourceLock] Execution worker Thread 5: acquired lock on worker lease
2026-01-04T17:41:41.792+0545 [DEBUG] [org.gradle.internal.resources.AbstractTrackedResourceLock] Execution worker Thread 5: released lock on worker lease
2026-01-04T17:41:41.793+0545 [DEBUG] [org.gradle.internal.resources.AbstractTrackedResourceLock] included builds: acquired lock on worker lease
2026-01-04T17:41:41.793+0545 [DEBUG] [org.gradle.internal.operations.DefaultBuildOperationRunner] Build operation 'Snapshot outputs after executing task ':app:processDebugResources'' started
2026-01-04T17:41:41.793+0545 [DEBUG] [org.gradle.internal.resources.AbstractTrackedResourceLock] included builds: released lock on worker lease
2026-01-04T17:41:41.793+0545 [DEBUG] [org.gradle.internal.resources.AbstractTrackedResourceLock] Execution worker Thread 2: acquired lock on worker lease
2026-01-04T17:41:41.793+0545 [DEBUG] [org.gradle.internal.resources.AbstractTrackedResourceLock] Execution worker Thread 2: released lock on worker lease
2026-01-04T17:41:41.794+0545 [DEBUG] [org.gradle.cache.internal.btree.BTreePersistentIndexedCache] Opening cache fileHashes.bin (/home/zen/Documents/unfinished_business/clippy-share/android/.gradle/9.2.0/fileHashes/fileHashes.bin)
2026-01-04T17:41:41.797+0545 [DEBUG] [org.gradle.internal.operations.DefaultBuildOperationRunner] Completing Build operation 'Snapshot outputs after executing task ':app:processDebugResources''
2026-01-04T17:41:41.148+0545 [LIFECYCLE] [class org.gradle.internal.buildevents.TaskExecutionLogger] 
2026-01-04T17:41:41.148+0545 [LIFECYCLE] [class org.gradle.internal.buildevents.TaskExecutionLogger] > Task :app:processDebugResources FAILED
2026-01-04T17:41:41.148+0545 [DEBUG] [org.gradle.api.internal.tasks.execution.ResolveTaskExecutionModeExecuter] Putting task artifact state for task ':app:processDebugResources' into context took 0.0 secs.
2026-01-04T17:41:41.150+0545 [DEBUG] [org.gradle.internal.execution.steps.AbstractCaptureStateBeforeExecutionStep] Implementation for task ':app:processDebugResources': com.android.build.gradle.internal.res.LinkApplicationAndroidResourcesTask_Decorated@4635d1901842c7d1eb7822b67da950d1
2026-01-04T17:41:41.151+0545 [DEBUG] [org.gradle.internal.execution.steps.AbstractCaptureStateBeforeExecutionStep] Additional implementations for task ':app:processDebugResources': [com.android.build.gradle.internal.res.LinkApplicationAndroidResourcesTask_Decorated@4635d1901842c7d1eb7822b67da950d1]
2026-01-04T17:41:41.201+0545 [DEBUG] [org.gradle.internal.operations.DefaultBuildOperationRunner] Build operation 'Fingerprint transform inputs' completed
2026-01-04T17:41:41.202+0545 [DEBUG] [org.gradle.internal.operations.DefaultBuildOperationRunner] Build operation 'Fingerprint transform inputs' completed
2026-01-04T17:41:41.230+0545 [DEBUG] [org.gradle.internal.operations.DefaultBuildOperationRunner] Build operation 'Snapshot inputs and outputs before executing task ':app:processDebugResources'' completed
2026-01-04T17:41:41.235+0545 [INFO] [org.gradle.internal.execution.steps.AbstractResolveCachingStateStep] Caching disabled for task ':app:processDebugResources' because:
  Build cache is disabled
2026-01-04T17:41:41.235+0545 [DEBUG] [org.gradle.internal.operations.DefaultBuildOperationRunner] Build operation 'Snapshot task inputs for :app:processDebugResources' completed
2026-01-04T17:41:41.235+0545 [DEBUG] [org.gradle.internal.execution.steps.SkipUpToDateStep] Determining if task ':app:processDebugResources' is up-to-date
2026-01-04T17:41:41.235+0545 [INFO] [org.gradle.internal.execution.steps.SkipUpToDateStep] Task ':app:processDebugResources' is not up-to-date because:
  Task has failed previously.
2026-01-04T17:41:41.236+0545 [INFO] [org.gradle.internal.execution.steps.ResolveInputChangesStep] The input changes require a full rebuild for incremental task ':app:processDebugResources'.
2026-01-04T17:41:41.236+0545 [DEBUG] [org.gradle.internal.vfs.impl.AbstractVirtualFileSystem] Invalidating VFS paths: [/home/zen/Documents/unfinished_business/clippy-share/android/app/build/intermediates/compile_and_runtime_not_namespaced_r_class_jar/debug/processDebugResources/R.jar, /home/zen/Documents/unfinished_business/clippy-share/android/app/build/intermediates/processed_res/debug/processDebugResources/out, /home/zen/Documents/unfinished_business/clippy-share/android/app/build/intermediates/stable_resource_ids_file/debug/processDebugResources/stableIds.txt, /home/zen/Documents/unfinished_business/clippy-share/android/app/build/intermediates/symbol_list_with_package_name/debug/processDebugResources/package-aware-r.txt, /home/zen/Documents/unfinished_business/clippy-share/android/app/build/intermediates/runtime_symbol_list/debug/processDebugResources/R.txt]
2026-01-04T17:41:41.236+0545 [DEBUG] [org.gradle.internal.watch.registry.impl.NonHierarchicalFileWatcherUpdater] Watching 220 directories to track changes
2026-01-04T17:41:41.238+0545 [DEBUG] [org.gradle.internal.watch.registry.impl.NonHierarchicalFileWatcherUpdater] Watching 219 directories to track changes
2026-01-04T17:41:41.239+0545 [DEBUG] [org.gradle.internal.watch.registry.impl.NonHierarchicalFileWatcherUpdater] Watching 218 directories to track changes
2026-01-04T17:41:41.240+0545 [DEBUG] [org.gradle.internal.watch.registry.impl.NonHierarchicalFileWatcherUpdater] Watching 217 directories to track changes
2026-01-04T17:41:41.242+0545 [DEBUG] [org.gradle.internal.watch.registry.impl.NonHierarchicalFileWatcherUpdater] Watching 216 directories to track changes
2026-01-04T17:41:41.243+0545 [DEBUG] [org.gradle.internal.file.impl.DefaultDeleter] Deleting /home/zen/Documents/unfinished_business/clippy-share/android/app/build/intermediates/processed_res/debug/processDebugResources/out
2026-01-04T17:41:41.244+0545 [DEBUG] [org.gradle.internal.execution.steps.PreCreateOutputParentsStep] Ensuring parent directory exists for property RClassOutputJar at /home/zen/Documents/unfinished_business/clippy-share/android/app/build/intermediates/compile_and_runtime_not_namespaced_r_class_jar/debug/processDebugResources/R.jar
2026-01-04T17:41:41.244+0545 [DEBUG] [org.gradle.internal.execution.steps.PreCreateOutputParentsStep] Ensuring directory exists for property resPackageOutputFolder at /home/zen/Documents/unfinished_business/clippy-share/android/app/build/intermediates/processed_res/debug/processDebugResources/out
2026-01-04T17:41:41.244+0545 [DEBUG] [org.gradle.internal.execution.steps.PreCreateOutputParentsStep] Ensuring parent directory exists for property stableIdsOutputFileProperty at /home/zen/Documents/unfinished_business/clippy-share/android/app/build/intermediates/stable_resource_ids_file/debug/processDebugResources/stableIds.txt
2026-01-04T17:41:41.244+0545 [DEBUG] [org.gradle.internal.execution.steps.PreCreateOutputParentsStep] Ensuring parent directory exists for property symbolsWithPackageNameOutputFile at /home/zen/Documents/unfinished_business/clippy-share/android/app/build/intermediates/symbol_list_with_package_name/debug/processDebugResources/package-aware-r.txt
2026-01-04T17:41:41.244+0545 [DEBUG] [org.gradle.internal.execution.steps.PreCreateOutputParentsStep] Ensuring parent directory exists for property textSymbolOutputFileProperty at /home/zen/Documents/unfinished_business/clippy-share/android/app/build/intermediates/runtime_symbol_list/debug/processDebugResources/R.txt
2026-01-04T17:41:41.245+0545 [DEBUG] [org.gradle.api.internal.tasks.execution.TaskExecution] Executing actions for task ':app:processDebugResources'.
2026-01-04T17:41:41.254+0545 [DEBUG] [org.gradle.internal.resources.AbstractTrackedResourceLock] Execution worker Thread 6: released lock on worker lease
2026-01-04T17:41:41.260+0545 [INFO] [com.android.build.gradle.internal.services.Aapt2DaemonBuildService$Inject_] AAPT2 aapt2-8.4.0-11315950-linux Daemon #0: starting
2026-01-04T17:41:41.787+0545 [INFO] [com.android.build.gradle.internal.res.LinkApplicationAndroidResourcesTask] Android resource linking failed:
process = AAPT2 aapt2-8.4.0-11315950-linux Daemon #0:
command = /home/zen/.gradle/caches/9.2.0/transforms/2c864f0fadeadda732494dec76de89df/transformed/aapt2-8.4.0-11315950-linux/aapt2 link -I\
        /opt/android-sdk/platforms/android-34/android.jar\
        --manifest\
        /home/zen/Documents/unfinished_business/clippy-share/android/app/build/intermediates/packaged_manifests/debug/processDebugManifestForPackage/AndroidManifest.xml\
        -o\
        /home/zen/Documents/unfinished_business/clippy-share/android/app/build/intermediates/processed_res/debug/processDebugResources/out/resources-debug.ap_\
        -R\
        @/home/zen/Documents/unfinished_business/clippy-share/android/app/build/intermediates/incremental/processDebugResources/resources-list-for-resources-debug.ap_.txt\
        --auto-add-overlay\
        --custom-package\
        com.example.clippyshare\
        -0\
        apk\
        --output-text-symbols\
        /home/zen/Documents/unfinished_business/clippy-share/android/app/build/intermediates/runtime_symbol_list/debug/processDebugResources/R.txt\
        --no-version-vectors\
        --proguard-minimal-keep-rules\
        --no-proguard-location-reference\
        --emit-ids\
        /home/zen/Documents/unfinished_business/clippy-share/android/app/build/intermediates/stable_resource_ids_file/debug/processDebugResources/stableIds.txt
2026-01-04T17:41:41.791+0545 [DEBUG] [org.gradle.internal.resources.AbstractTrackedResourceLock] Execution worker Thread 6: acquired lock on worker lease
2026-01-04T17:41:41.792+0545 [DEBUG] [org.gradle.internal.operations.DefaultBuildOperationRunner] Build operation 'Execute taskAction for :app:processDebugResources' completed
2026-01-04T17:41:41.792+0545 [DEBUG] [org.gradle.internal.operations.DefaultBuildOperationRunner] Build operation 'Executing task ':app:processDebugResources'' completed
2026-01-04T17:41:41.792+0545 [DEBUG] [org.gradle.internal.vfs.impl.AbstractVirtualFileSystem] Invalidating VFS paths: [/home/zen/Documents/unfinished_business/clippy-share/android/app/build/intermediates/compile_and_runtime_not_namespaced_r_class_jar/debug/processDebugResources/R.jar, /home/zen/Documents/unfinished_business/clippy-share/android/app/build/intermediates/processed_res/debug/processDebugResources/out, /home/zen/Documents/unfinished_business/clippy-share/android/app/build/intermediates/stable_resource_ids_file/debug/processDebugResources/stableIds.txt, /home/zen/Documents/unfinished_business/clippy-share/android/app/build/intermediates/symbol_list_with_package_name/debug/processDebugResources/package-aware-r.txt, /home/zen/Documents/unfinished_business/clippy-share/android/app/build/intermediates/runtime_symbol_list/debug/processDebugResources/R.txt]
2026-01-04T17:41:41.793+0545 [DEBUG] [org.gradle.internal.watch.registry.impl.NonHierarchicalFileWatcherUpdater] Watching 217 directories to track changes
2026-01-04T17:41:41.794+0545 [DEBUG] [org.gradle.internal.watch.registry.impl.NonHierarchicalFileWatcherUpdater] Watching 218 directories to track changes
2026-01-04T17:41:41.795+0545 [DEBUG] [org.gradle.internal.watch.registry.impl.NonHierarchicalFileWatcherUpdater] Watching 219 directories to track changes
2026-01-04T17:41:41.796+0545 [DEBUG] [org.gradle.internal.watch.registry.impl.NonHierarchicalFileWatcherUpdater] Watching 220 directories to track changes
2026-01-04T17:41:41.796+0545 [DEBUG] [org.gradle.internal.watch.registry.impl.NonHierarchicalFileWatcherUpdater] Watching 221 directories to track changes
2026-01-04T17:41:41.797+0545 [DEBUG] [org.gradle.internal.operations.DefaultBuildOperationRunner] Build operation 'Snapshot outputs after executing task ':app:processDebugResources'' completed
2026-01-04T17:41:41.797+0545 [DEBUG] [org.gradle.api.internal.tasks.execution.ResolveTaskExecutionModeExecuter] Removed task artifact state for task ':app:processDebugResources' from context.
2026-01-04T17:41:41.799+0545 [DEBUG] [org.gradle.internal.operations.DefaultBuildOperationRunner] Completing Build operation 'Task :app:processDebugResources'
2026-01-04T17:41:41.799+0545 [DEBUG] [org.gradle.internal.operations.DefaultBuildOperationRunner] Build operation 'Task :app:processDebugResources' completed
2026-01-04T17:41:41.799+0545 [DEBUG] [org.gradle.execution.plan.DefaultFinalizedExecutionPlan] Node :app:processDebugResources completed, executed: true
2026-01-04T17:41:41.799+0545 [DEBUG] [org.gradle.execution.plan.DefaultFinalizedExecutionPlan] Node :app:processDebugResources failed
2026-01-04T17:41:41.799+0545 [DEBUG] [org.gradle.execution.plan.DefaultFinalizedExecutionPlan] Node :app:compileDebugKotlin completed, executed: false
2026-01-04T17:41:41.799+0545 [DEBUG] [org.gradle.execution.plan.DefaultFinalizedExecutionPlan] Node Resolve mutations for :app:compileDebugKotlin completed, executed: false
2026-01-04T17:41:41.800+0545 [DEBUG] [org.gradle.execution.plan.DefaultFinalizedExecutionPlan] Node :app:compileDebugJavaWithJavac completed, executed: false
2026-01-04T17:41:41.800+0545 [DEBUG] [org.gradle.execution.plan.DefaultFinalizedExecutionPlan] Node Resolve mutations for :app:compileDebugJavaWithJavac completed, executed: false
2026-01-04T17:41:41.800+0545 [DEBUG] [org.gradle.execution.plan.DefaultFinalizedExecutionPlan] Node :app:dexBuilderDebug completed, executed: false
2026-01-04T17:41:41.800+0545 [DEBUG] [org.gradle.execution.plan.DefaultFinalizedExecutionPlan] Node Resolve mutations for :app:dexBuilderDebug completed, executed: false
2026-01-04T17:41:41.800+0545 [DEBUG] [org.gradle.execution.plan.DefaultFinalizedExecutionPlan] Node :app:mergeDebugGlobalSynthetics completed, executed: false
2026-01-04T17:41:41.800+0545 [DEBUG] [org.gradle.execution.plan.DefaultFinalizedExecutionPlan] Node Resolve mutations for :app:mergeDebugGlobalSynthetics completed, executed: false
2026-01-04T17:41:41.800+0545 [DEBUG] [org.gradle.execution.plan.DefaultFinalizedExecutionPlan] Node :app:processDebugJavaRes completed, executed: false
2026-01-04T17:41:41.800+0545 [DEBUG] [org.gradle.execution.plan.DefaultFinalizedExecutionPlan] Node Resolve mutations for :app:processDebugJavaRes completed, executed: false
2026-01-04T17:41:41.800+0545 [DEBUG] [org.gradle.execution.plan.DefaultFinalizedExecutionPlan] Node :app:mergeDebugJavaResource completed, executed: false
2026-01-04T17:41:41.800+0545 [DEBUG] [org.gradle.execution.plan.DefaultFinalizedExecutionPlan] Node Resolve mutations for :app:mergeDebugJavaResource completed, executed: false
2026-01-04T17:41:41.801+0545 [DEBUG] [org.gradle.execution.plan.DefaultFinalizedExecutionPlan] Node :app:mergeProjectDexDebug completed, executed: false
2026-01-04T17:41:41.801+0545 [DEBUG] [org.gradle.execution.plan.DefaultFinalizedExecutionPlan] Node Resolve mutations for :app:mergeProjectDexDebug completed, executed: false
2026-01-04T17:41:41.801+0545 [DEBUG] [org.gradle.execution.plan.DefaultFinalizedExecutionPlan] Node :app:packageDebug completed, executed: false
2026-01-04T17:41:41.801+0545 [DEBUG] [org.gradle.execution.plan.DefaultFinalizedExecutionPlan] Node Resolve mutations for :app:packageDebug completed, executed: false
2026-01-04T17:41:41.801+0545 [DEBUG] [org.gradle.execution.plan.DefaultFinalizedExecutionPlan] Node :app:assembleDebug completed, executed: false
2026-01-04T17:41:41.801+0545 [DEBUG] [org.gradle.execution.plan.DefaultFinalizedExecutionPlan] Node Resolve mutations for :app:assembleDebug completed, executed: false
2026-01-04T17:41:41.801+0545 [DEBUG] [org.gradle.execution.plan.DefaultFinalizedExecutionPlan] Node :app:createDebugApkListingFileRedirect completed, executed: false
2026-01-04T17:41:41.801+0545 [DEBUG] [org.gradle.execution.plan.DefaultFinalizedExecutionPlan] Node Resolve mutations for :app:createDebugApkListingFileRedirect completed, executed: false
2026-01-04T17:41:41.801+0545 [DEBUG] [org.gradle.internal.resources.AbstractTrackedResourceLock] Execution worker Thread 6: released lock on worker lease
2026-01-04T17:41:41.802+0545 [DEBUG] [org.gradle.internal.resources.AbstractTrackedResourceLock] Execution worker Thread 3: acquired lock on worker lease
2026-01-04T17:41:41.802+0545 [DEBUG] [org.gradle.internal.resources.AbstractTrackedResourceLock] Execution worker Thread 3: released lock on worker lease
2026-01-04T17:41:41.802+0545 [DEBUG] [org.gradle.internal.resources.AbstractTrackedResourceLock] Execution worker Thread 2: acquired lock on worker lease
2026-01-04T17:41:41.802+0545 [DEBUG] [org.gradle.internal.resources.AbstractTrackedResourceLock] Execution worker Thread 2: released lock on worker lease
2026-01-04T17:41:41.802+0545 [DEBUG] [org.gradle.internal.resources.AbstractTrackedResourceLock] included builds: acquired lock on worker lease
2026-01-04T17:41:41.802+0545 [DEBUG] [org.gradle.internal.resources.AbstractTrackedResourceLock] Execution worker Thread 5: acquired lock on worker lease
2026-01-04T17:41:41.802+0545 [DEBUG] [org.gradle.internal.resources.AbstractTrackedResourceLock] Execution worker Thread 5: released lock on worker lease
2026-01-04T17:41:41.802+0545 [DEBUG] [org.gradle.internal.resources.AbstractTrackedResourceLock] Execution worker: acquired lock on worker lease
2026-01-04T17:41:41.802+0545 [DEBUG] [org.gradle.internal.resources.AbstractTrackedResourceLock] Execution worker: released lock on worker lease
2026-01-04T17:41:41.802+0545 [DEBUG] [org.gradle.internal.resources.AbstractTrackedResourceLock] Execution worker Thread 4: acquired lock on worker lease
2026-01-04T17:41:41.802+0545 [DEBUG] [org.gradle.internal.resources.AbstractTrackedResourceLock] Execution worker Thread 4: released lock on worker lease
2026-01-04T17:41:41.802+0545 [DEBUG] [org.gradle.internal.resources.AbstractTrackedResourceLock] Execution worker Thread 7: acquired lock on worker lease
2026-01-04T17:41:41.803+0545 [DEBUG] [org.gradle.internal.resources.AbstractTrackedResourceLock] Execution worker Thread 7: released lock on worker lease
2026-01-04T17:41:41.803+0545 [DEBUG] [org.gradle.internal.operations.DefaultBuildOperationRunner] Completing Build operation 'Run tasks'
2026-01-04T17:41:41.803+0545 [DEBUG] [org.gradle.internal.operations.DefaultBuildOperationRunner] Build operation 'Run tasks' completed
2026-01-04T17:41:41.803+0545 [DEBUG] [org.gradle.internal.resources.AbstractTrackedResourceLock] included builds: released lock on worker lease
2026-01-04T17:41:41.803+0545 [DEBUG] [org.gradle.internal.resources.AbstractTrackedResourceLock] Execution worker Thread 6: acquired lock on worker lease
2026-01-04T17:41:41.803+0545 [DEBUG] [org.gradle.internal.resources.AbstractTrackedResourceLock] Execution worker Thread 6: released lock on worker lease
2026-01-04T17:41:41.803+0545 [DEBUG] [org.gradle.internal.resources.AbstractTrackedResourceLock] Daemon worker Thread 2: acquired lock on worker lease
2026-01-04T17:41:41.803+0545 [DEBUG] [org.gradle.internal.resources.AbstractTrackedResourceLock] Execution worker Thread 7: acquired lock on worker lease
2026-01-04T17:41:41.803+0545 [DEBUG] [org.gradle.internal.operations.DefaultBuildOperationRunner] Completing Build operation 'Run main tasks'
2026-01-04T17:41:41.803+0545 [DEBUG] [org.gradle.internal.resources.AbstractTrackedResourceLock] Execution worker Thread 7: released lock on worker lease
2026-01-04T17:41:41.803+0545 [DEBUG] [org.gradle.internal.operations.DefaultBuildOperationRunner] Build operation 'Run main tasks' completed
2026-01-04T17:41:41.803+0545 [DEBUG] [org.gradle.internal.resources.AbstractTrackedResourceLock] Execution worker Thread 4: acquired lock on worker lease
2026-01-04T17:41:41.803+0545 [DEBUG] [org.gradle.internal.resources.AbstractTrackedResourceLock] Execution worker Thread 4: released lock on worker lease
2026-01-04T17:41:41.804+0545 [DEBUG] [org.gradle.internal.resources.AbstractTrackedResourceLock] Execution worker: acquired lock on worker lease
2026-01-04T17:41:41.804+0545 [DEBUG] [org.gradle.internal.resources.AbstractTrackedResourceLock] Execution worker: released lock on worker lease
2026-01-04T17:41:41.804+0545 [DEBUG] [org.gradle.internal.resources.AbstractTrackedResourceLock] Execution worker Thread 5: acquired lock on worker lease
2026-01-04T17:41:41.804+0545 [DEBUG] [org.gradle.internal.resources.AbstractTrackedResourceLock] Execution worker Thread 5: released lock on worker lease
2026-01-04T17:41:41.804+0545 [DEBUG] [org.gradle.internal.resources.AbstractTrackedResourceLock] Execution worker Thread 2: acquired lock on worker lease
2026-01-04T17:41:41.804+0545 [DEBUG] [org.gradle.internal.resources.AbstractTrackedResourceLock] Execution worker Thread 2: released lock on worker lease
2026-01-04T17:41:41.804+0545 [DEBUG] [org.gradle.internal.resources.AbstractTrackedResourceLock] Execution worker Thread 3: acquired lock on worker lease
2026-01-04T17:41:41.804+0545 [DEBUG] [org.gradle.internal.resources.AbstractTrackedResourceLock] Execution worker Thread 3: released lock on worker lease
2026-01-04T17:41:41.804+0545 [DEBUG] [org.gradle.internal.operations.DefaultBuildOperationRunner] Build operation 'Finish root build tree' started
2026-01-04T17:41:41.806+0545 [DEBUG] [org.gradle.internal.resources.AbstractTrackedResourceLock] Daemon worker Thread 2: acquired lock on All projects of :
2026-01-04T17:41:41.806+0545 [DEBUG] [org.jetbrains.kotlin.gradle.plugin.statistics.BuildFusService$Inject_] Executing [reportGlobalMetrics]
2026-01-04T17:41:41.807+0545 [DEBUG] [org.jetbrains.kotlin.gradle.plugin.statistics.BuildFusService$Inject_] Executing [reportBuildFinish]
2026-01-04T17:41:41.807+0545 [DEBUG] [org.jetbrains.kotlin.gradle.plugin.statistics.KotlinBuildStatsLoggerService] Executing [class org.jetbrains.kotlin.gradle.plugin.statistics.KotlinBuildStatsLoggerService.initSessionLogger]
2026-01-04T17:41:41.807+0545 [DEBUG] [org.jetbrains.kotlin.gradle.plugin.statistics.KotlinBuildStatsLoggerService] Executing [class org.jetbrains.kotlin.gradle.plugin.statistics.KotlinBuildStatsLoggerService.reportBuildFinish]
2026-01-04T17:41:41.808+0545 [DEBUG] [org.gradle.internal.resources.AbstractTrackedResourceLock] Daemon worker Thread 2: released lock on All projects of :
2026-01-04T17:41:41.808+0545 [DEBUG] [org.gradle.internal.resources.AbstractTrackedResourceLock] Execution worker Thread 6: acquired lock on worker lease
2026-01-04T17:41:41.808+0545 [DEBUG] [org.jetbrains.kotlin.gradle.plugin.statistics.BuildFusService$Inject_] [KOTLIN] Close BuildFusService$Inject_
2026-01-04T17:41:41.809+0545 [DEBUG] [org.gradle.internal.resources.AbstractTrackedResourceLock] Execution worker Thread 6: released lock on worker lease
2026-01-04T17:41:41.809+0545 [DEBUG] [org.gradle.internal.resources.AbstractTrackedResourceLock] Execution worker Thread 3: acquired lock on worker lease
2026-01-04T17:41:41.809+0545 [DEBUG] [org.gradle.internal.resources.AbstractTrackedResourceLock] Execution worker Thread 3: released lock on worker lease
2026-01-04T17:41:41.809+0545 [INFO] [com.android.build.gradle.internal.services.Aapt2DaemonBuildService$Inject_] AAPT2 aapt2-8.4.0-11315950-linux Daemon #0: shutdown
2026-01-04T17:41:41.809+0545 [DEBUG] [org.gradle.internal.resources.AbstractTrackedResourceLock] Execution worker Thread 2: acquired lock on worker lease
2026-01-04T17:41:41.809+0545 [DEBUG] [org.gradle.internal.resources.AbstractTrackedResourceLock] Execution worker Thread 2: released lock on worker lease
2026-01-04T17:41:41.809+0545 [DEBUG] [org.gradle.internal.resources.AbstractTrackedResourceLock] Execution worker Thread 5: acquired lock on worker lease
2026-01-04T17:41:41.809+0545 [DEBUG] [org.gradle.internal.resources.AbstractTrackedResourceLock] Execution worker Thread 5: released lock on worker lease
2026-01-04T17:41:41.809+0545 [DEBUG] [org.gradle.internal.resources.AbstractTrackedResourceLock] Execution worker: acquired lock on worker lease
2026-01-04T17:41:41.809+0545 [DEBUG] [org.gradle.internal.resources.AbstractTrackedResourceLock] Execution worker: released lock on worker lease
2026-01-04T17:41:41.809+0545 [DEBUG] [org.gradle.internal.resources.AbstractTrackedResourceLock] Execution worker Thread 4: acquired lock on worker lease
2026-01-04T17:41:41.809+0545 [DEBUG] [org.gradle.internal.resources.AbstractTrackedResourceLock] Execution worker Thread 4: released lock on worker lease
2026-01-04T17:41:41.810+0545 [DEBUG] [org.gradle.internal.resources.AbstractTrackedResourceLock] Execution worker Thread 7: acquired lock on worker lease
2026-01-04T17:41:41.810+0545 [DEBUG] [org.gradle.internal.resources.AbstractTrackedResourceLock] Execution worker Thread 7: released lock on worker lease
2026-01-04T17:41:41.814+0545 [DEBUG] [org.gradle.internal.operations.DefaultBuildOperationRunner] Completing Build operation 'Finish root build tree'
2026-01-04T17:41:41.815+0545 [DEBUG] [org.gradle.internal.operations.DefaultBuildOperationRunner] Build operation 'Finish root build tree' completed
2026-01-04T17:41:41.815+0545 [ERROR] [org.gradle.internal.buildevents.BuildExceptionReporter] 
2026-01-04T17:41:41.815+0545 [ERROR] [org.gradle.internal.buildevents.BuildExceptionReporter] FAILURE: Build failed with an exception.
2026-01-04T17:41:41.815+0545 [ERROR] [org.gradle.internal.buildevents.BuildExceptionReporter] 
2026-01-04T17:41:41.815+0545 [ERROR] [org.gradle.internal.buildevents.BuildExceptionReporter] * What went wrong:
2026-01-04T17:41:41.815+0545 [ERROR] [org.gradle.internal.buildevents.BuildExceptionReporter] Execution failed for task ':app:processDebugResources'.
2026-01-04T17:41:41.815+0545 [ERROR] [org.gradle.internal.buildevents.BuildExceptionReporter] > A failure occurred while executing com.android.build.gradle.internal.res.LinkApplicationAndroidResourcesTask$TaskAction
2026-01-04T17:41:41.815+0545 [ERROR] [org.gradle.internal.buildevents.BuildExceptionReporter]    > Android resource linking failed
2026-01-04T17:41:41.816+0545 [ERROR] [org.gradle.internal.buildevents.BuildExceptionReporter]      ERROR: /home/zen/Documents/unfinished_business/clippy-share/android/app/src/main/AndroidManifest.xml:13:5-37:19: AAPT: error: resource mipmap/ic_launcher (aka com.example.clippyshare:mipmap/ic_launcher) not found.
2026-01-04T17:41:41.816+0545 [ERROR] [org.gradle.internal.buildevents.BuildExceptionReporter]          
2026-01-04T17:41:41.816+0545 [ERROR] [org.gradle.internal.buildevents.BuildExceptionReporter] 
2026-01-04T17:41:41.816+0545 [ERROR] [org.gradle.internal.buildevents.BuildExceptionReporter] * Try:
2026-01-04T17:41:41.816+0545 [ERROR] [org.gradle.internal.buildevents.BuildExceptionReporter] > Run with --scan to generate a Build Scan (powered by Develocity).
2026-01-04T17:41:41.816+0545 [ERROR] [org.gradle.internal.buildevents.BuildExceptionReporter] > Get more help at https://help.gradle.org.
2026-01-04T17:41:41.816+0545 [ERROR] [org.gradle.internal.buildevents.BuildExceptionReporter] 
2026-01-04T17:41:41.816+0545 [ERROR] [org.gradle.internal.buildevents.BuildExceptionReporter] * Exception is:
2026-01-04T17:41:41.816+0545 [ERROR] [org.gradle.internal.buildevents.BuildExceptionReporter] org.gradle.api.tasks.TaskExecutionException: Execution failed for task ':app:processDebugResources'.
2026-01-04T17:41:41.816+0545 [ERROR] [org.gradle.internal.buildevents.BuildExceptionReporter] 	at org.gradle.api.internal.tasks.execution.ExecuteActionsTaskExecuter.lambda$executeIfValid$1(ExecuteActionsTaskExecuter.java:135)
2026-01-04T17:41:41.816+0545 [ERROR] [org.gradle.internal.buildevents.BuildExceptionReporter] 	at org.gradle.internal.Try$Failure.ifSuccessfulOrElse(Try.java:288)
2026-01-04T17:41:41.816+0545 [ERROR] [org.gradle.internal.buildevents.BuildExceptionReporter] 	at org.gradle.api.internal.tasks.execution.ExecuteActionsTaskExecuter.executeIfValid(ExecuteActionsTaskExecuter.java:133)
2026-01-04T17:41:41.816+0545 [ERROR] [org.gradle.internal.buildevents.BuildExceptionReporter] 	at org.gradle.api.internal.tasks.execution.ExecuteActionsTaskExecuter.execute(ExecuteActionsTaskExecuter.java:121)
2026-01-04T17:41:41.816+0545 [ERROR] [org.gradle.internal.buildevents.BuildExceptionReporter] 	at org.gradle.api.internal.tasks.execution.ProblemsTaskPathTrackingTaskExecuter.execute(ProblemsTaskPathTrackingTaskExecuter.java:41)
2026-01-04T17:41:41.816+0545 [ERROR] [org.gradle.internal.buildevents.BuildExceptionReporter] 	at org.gradle.api.internal.tasks.execution.FinalizePropertiesTaskExecuter.execute(FinalizePropertiesTaskExecuter.java:46)
2026-01-04T17:41:41.816+0545 [ERROR] [org.gradle.internal.buildevents.BuildExceptionReporter] 	at org.gradle.api.internal.tasks.execution.ResolveTaskExecutionModeExecuter.execute(ResolveTaskExecutionModeExecuter.java:51)
2026-01-04T17:41:41.816+0545 [ERROR] [org.gradle.internal.buildevents.BuildExceptionReporter] 	at org.gradle.api.internal.tasks.execution.SkipTaskWithNoActionsExecuter.execute(SkipTaskWithNoActionsExecuter.java:57)
2026-01-04T17:41:41.816+0545 [ERROR] [org.gradle.internal.buildevents.BuildExceptionReporter] 	at org.gradle.api.internal.tasks.execution.SkipOnlyIfTaskExecuter.execute(SkipOnlyIfTaskExecuter.java:74)
2026-01-04T17:41:41.816+0545 [ERROR] [org.gradle.internal.buildevents.BuildExceptionReporter] 	at org.gradle.api.internal.tasks.execution.CatchExceptionTaskExecuter.execute(CatchExceptionTaskExecuter.java:36)
2026-01-04T17:41:41.816+0545 [ERROR] [org.gradle.internal.buildevents.BuildExceptionReporter] 	at org.gradle.api.internal.tasks.execution.EventFiringTaskExecuter$1.executeTask(EventFiringTaskExecuter.java:77)
2026-01-04T17:41:41.816+0545 [ERROR] [org.gradle.internal.buildevents.BuildExceptionReporter] 	at org.gradle.api.internal.tasks.execution.EventFiringTaskExecuter$1.call(EventFiringTaskExecuter.java:55)
2026-01-04T17:41:41.816+0545 [ERROR] [org.gradle.internal.buildevents.BuildExceptionReporter] 	at org.gradle.api.internal.tasks.execution.EventFiringTaskExecuter$1.call(EventFiringTaskExecuter.java:52)
2026-01-04T17:41:41.816+0545 [ERROR] [org.gradle.internal.buildevents.BuildExceptionReporter] 	at org.gradle.internal.operations.DefaultBuildOperationRunner$CallableBuildOperationWorker.execute(DefaultBuildOperationRunner.java:209)
2026-01-04T17:41:41.816+0545 [ERROR] [org.gradle.internal.buildevents.BuildExceptionReporter] 	at org.gradle.internal.operations.DefaultBuildOperationRunner$CallableBuildOperationWorker.execute(DefaultBuildOperationRunner.java:204)
2026-01-04T17:41:41.816+0545 [ERROR] [org.gradle.internal.buildevents.BuildExceptionReporter] 	at org.gradle.internal.operations.DefaultBuildOperationRunner$2.execute(DefaultBuildOperationRunner.java:66)
2026-01-04T17:41:41.816+0545 [ERROR] [org.gradle.internal.buildevents.BuildExceptionReporter] 	at org.gradle.internal.operations.DefaultBuildOperationRunner$2.execute(DefaultBuildOperationRunner.java:59)
2026-01-04T17:41:41.816+0545 [ERROR] [org.gradle.internal.buildevents.BuildExceptionReporter] 	at org.gradle.internal.operations.DefaultBuildOperationRunner.execute(DefaultBuildOperationRunner.java:166)
2026-01-04T17:41:41.816+0545 [ERROR] [org.gradle.internal.buildevents.BuildExceptionReporter] 	at org.gradle.internal.operations.DefaultBuildOperationRunner.execute(DefaultBuildOperationRunner.java:59)
2026-01-04T17:41:41.816+0545 [ERROR] [org.gradle.internal.buildevents.BuildExceptionReporter] 	at org.gradle.internal.operations.DefaultBuildOperationRunner.call(DefaultBuildOperationRunner.java:53)
2026-01-04T17:41:41.817+0545 [ERROR] [org.gradle.internal.buildevents.BuildExceptionReporter] 	at org.gradle.api.internal.tasks.execution.EventFiringTaskExecuter.execute(EventFiringTaskExecuter.java:52)
2026-01-04T17:41:41.817+0545 [ERROR] [org.gradle.internal.buildevents.BuildExceptionReporter] 	at org.gradle.execution.plan.DefaultNodeExecutor.executeLocalTaskNode(DefaultNodeExecutor.java:55)
2026-01-04T17:41:41.817+0545 [ERROR] [org.gradle.internal.buildevents.BuildExceptionReporter] 	at org.gradle.execution.plan.DefaultNodeExecutor.execute(DefaultNodeExecutor.java:34)
2026-01-04T17:41:41.817+0545 [ERROR] [org.gradle.internal.buildevents.BuildExceptionReporter] 	at org.gradle.execution.taskgraph.DefaultTaskExecutionGraph$InvokeNodeExecutorsAction.execute(DefaultTaskExecutionGraph.java:355)
2026-01-04T17:41:41.817+0545 [ERROR] [org.gradle.internal.buildevents.BuildExceptionReporter] 	at org.gradle.execution.taskgraph.DefaultTaskExecutionGraph$InvokeNodeExecutorsAction.execute(DefaultTaskExecutionGraph.java:343)
2026-01-04T17:41:41.817+0545 [ERROR] [org.gradle.internal.buildevents.BuildExceptionReporter] 	at org.gradle.execution.taskgraph.DefaultTaskExecutionGraph$BuildOperationAwareExecutionAction.lambda$execute$0(DefaultTaskExecutionGraph.java:339)
2026-01-04T17:41:41.817+0545 [ERROR] [org.gradle.internal.buildevents.BuildExceptionReporter] 	at org.gradle.internal.operations.CurrentBuildOperationRef.with(CurrentBuildOperationRef.java:84)
2026-01-04T17:41:41.817+0545 [ERROR] [org.gradle.internal.buildevents.BuildExceptionReporter] 	at org.gradle.execution.taskgraph.DefaultTaskExecutionGraph$BuildOperationAwareExecutionAction.execute(DefaultTaskExecutionGraph.java:339)
2026-01-04T17:41:41.817+0545 [ERROR] [org.gradle.internal.buildevents.BuildExceptionReporter] 	at org.gradle.execution.taskgraph.DefaultTaskExecutionGraph$BuildOperationAwareExecutionAction.execute(DefaultTaskExecutionGraph.java:328)
2026-01-04T17:41:41.817+0545 [ERROR] [org.gradle.internal.buildevents.BuildExceptionReporter] 	at org.gradle.execution.plan.DefaultPlanExecutor$ExecutorWorker.execute(DefaultPlanExecutor.java:459)
2026-01-04T17:41:41.817+0545 [ERROR] [org.gradle.internal.buildevents.BuildExceptionReporter] 	at org.gradle.execution.plan.DefaultPlanExecutor$ExecutorWorker.run(DefaultPlanExecutor.java:376)
2026-01-04T17:41:41.817+0545 [ERROR] [org.gradle.internal.buildevents.BuildExceptionReporter] 	at org.gradle.internal.concurrent.ExecutorPolicy$CatchAndRecordFailures.onExecute(ExecutorPolicy.java:64)
2026-01-04T17:41:41.817+0545 [ERROR] [org.gradle.internal.buildevents.BuildExceptionReporter] 	at org.gradle.internal.concurrent.AbstractManagedExecutor$1.run(AbstractManagedExecutor.java:47)
2026-01-04T17:41:41.817+0545 [ERROR] [org.gradle.internal.buildevents.BuildExceptionReporter] Caused by: org.gradle.workers.internal.DefaultWorkerExecutor$WorkExecutionException: A failure occurred while executing com.android.build.gradle.internal.res.LinkApplicationAndroidResourcesTask$TaskAction
2026-01-04T17:41:41.817+0545 [ERROR] [org.gradle.internal.buildevents.BuildExceptionReporter] 	at org.gradle.workers.internal.DefaultWorkerExecutor$WorkItemExecution.waitForCompletion(DefaultWorkerExecutor.java:289)
2026-01-04T17:41:41.817+0545 [ERROR] [org.gradle.internal.buildevents.BuildExceptionReporter] 	at org.gradle.internal.work.DefaultAsyncWorkTracker.lambda$waitForItemsAndGatherFailures$2(DefaultAsyncWorkTracker.java:130)
2026-01-04T17:41:41.817+0545 [ERROR] [org.gradle.internal.buildevents.BuildExceptionReporter] 	at org.gradle.internal.Factories$1.create(Factories.java:33)
2026-01-04T17:41:41.817+0545 [ERROR] [org.gradle.internal.buildevents.BuildExceptionReporter] 	at org.gradle.internal.work.DefaultWorkerLeaseService.lambda$withoutLocks$2(DefaultWorkerLeaseService.java:344)
2026-01-04T17:41:41.817+0545 [ERROR] [org.gradle.internal.buildevents.BuildExceptionReporter] 	at org.gradle.internal.work.ResourceLockStatistics$1.measure(ResourceLockStatistics.java:42)
2026-01-04T17:41:41.817+0545 [ERROR] [org.gradle.internal.buildevents.BuildExceptionReporter] 	at org.gradle.internal.work.DefaultWorkerLeaseService.withoutLocks(DefaultWorkerLeaseService.java:342)
2026-01-04T17:41:41.817+0545 [ERROR] [org.gradle.internal.buildevents.BuildExceptionReporter] 	at org.gradle.internal.work.DefaultWorkerLeaseService.withoutLocks(DefaultWorkerLeaseService.java:326)
2026-01-04T17:41:41.817+0545 [ERROR] [org.gradle.internal.buildevents.BuildExceptionReporter] 	at org.gradle.internal.work.DefaultWorkerLeaseService.withoutLock(DefaultWorkerLeaseService.java:331)
2026-01-04T17:41:41.817+0545 [ERROR] [org.gradle.internal.buildevents.BuildExceptionReporter] 	at org.gradle.internal.work.DefaultAsyncWorkTracker.waitForItemsAndGatherFailures(DefaultAsyncWorkTracker.java:126)
2026-01-04T17:41:41.817+0545 [ERROR] [org.gradle.internal.buildevents.BuildExceptionReporter] 	at org.gradle.internal.work.DefaultAsyncWorkTracker.waitForItemsAndGatherFailures(DefaultAsyncWorkTracker.java:92)
2026-01-04T17:41:41.817+0545 [ERROR] [org.gradle.internal.buildevents.BuildExceptionReporter] 	at org.gradle.internal.work.DefaultAsyncWorkTracker.waitForAll(DefaultAsyncWorkTracker.java:78)
2026-01-04T17:41:41.817+0545 [ERROR] [org.gradle.internal.buildevents.BuildExceptionReporter] 	at org.gradle.internal.work.DefaultAsyncWorkTracker.waitForCompletion(DefaultAsyncWorkTracker.java:66)
2026-01-04T17:41:41.817+0545 [ERROR] [org.gradle.internal.buildevents.BuildExceptionReporter] 	at org.gradle.api.internal.tasks.execution.TaskExecution$3.run(TaskExecution.java:260)
2026-01-04T17:41:41.817+0545 [ERROR] [org.gradle.internal.buildevents.BuildExceptionReporter] 	at org.gradle.internal.operations.DefaultBuildOperationRunner$1.execute(DefaultBuildOperationRunner.java:29)
2026-01-04T17:41:41.817+0545 [ERROR] [org.gradle.internal.buildevents.BuildExceptionReporter] 	at org.gradle.internal.operations.DefaultBuildOperationRunner$1.execute(DefaultBuildOperationRunner.java:26)
2026-01-04T17:41:41.818+0545 [ERROR] [org.gradle.internal.buildevents.BuildExceptionReporter] 	at org.gradle.internal.operations.DefaultBuildOperationRunner$2.execute(DefaultBuildOperationRunner.java:66)
2026-01-04T17:41:41.818+0545 [ERROR] [org.gradle.internal.buildevents.BuildExceptionReporter] 	at org.gradle.internal.operations.DefaultBuildOperationRunner$2.execute(DefaultBuildOperationRunner.java:59)
2026-01-04T17:41:41.818+0545 [ERROR] [org.gradle.internal.buildevents.BuildExceptionReporter] 	at org.gradle.internal.operations.DefaultBuildOperationRunner.execute(DefaultBuildOperationRunner.java:166)
2026-01-04T17:41:41.818+0545 [ERROR] [org.gradle.internal.buildevents.BuildExceptionReporter] 	at org.gradle.internal.operations.DefaultBuildOperationRunner.execute(DefaultBuildOperationRunner.java:59)
2026-01-04T17:41:41.818+0545 [ERROR] [org.gradle.internal.buildevents.BuildExceptionReporter] 	at org.gradle.internal.operations.DefaultBuildOperationRunner.run(DefaultBuildOperationRunner.java:47)
2026-01-04T17:41:41.818+0545 [ERROR] [org.gradle.internal.buildevents.BuildExceptionReporter] 	at org.gradle.api.internal.tasks.execution.TaskExecution.executeAction(TaskExecution.java:237)
2026-01-04T17:41:41.818+0545 [ERROR] [org.gradle.internal.buildevents.BuildExceptionReporter] 	at org.gradle.api.internal.tasks.execution.TaskExecution.executeActions(TaskExecution.java:220)
2026-01-04T17:41:41.818+0545 [ERROR] [org.gradle.internal.buildevents.BuildExceptionReporter] 	at org.gradle.api.internal.tasks.execution.TaskExecution.executeWithPreviousOutputFiles(TaskExecution.java:203)
2026-01-04T17:41:41.818+0545 [ERROR] [org.gradle.internal.buildevents.BuildExceptionReporter] 	at org.gradle.api.internal.tasks.execution.TaskExecution.execute(TaskExecution.java:170)
2026-01-04T17:41:41.818+0545 [ERROR] [org.gradle.internal.buildevents.BuildExceptionReporter] 	at org.gradle.internal.execution.steps.ExecuteStep.executeInternal(ExecuteStep.java:105)
2026-01-04T17:41:41.818+0545 [ERROR] [org.gradle.internal.buildevents.BuildExceptionReporter] 	at org.gradle.internal.execution.steps.ExecuteStep.access$000(ExecuteStep.java:44)
2026-01-04T17:41:41.818+0545 [ERROR] [org.gradle.internal.buildevents.BuildExceptionReporter] 	at org.gradle.internal.execution.steps.ExecuteStep$1.call(ExecuteStep.java:59)
2026-01-04T17:41:41.818+0545 [ERROR] [org.gradle.internal.buildevents.BuildExceptionReporter] 	at org.gradle.internal.execution.steps.ExecuteStep$1.call(ExecuteStep.java:56)
2026-01-04T17:41:41.818+0545 [ERROR] [org.gradle.internal.buildevents.BuildExceptionReporter] 	at org.gradle.internal.operations.DefaultBuildOperationRunner$CallableBuildOperationWorker.execute(DefaultBuildOperationRunner.java:209)
2026-01-04T17:41:41.818+0545 [ERROR] [org.gradle.internal.buildevents.BuildExceptionReporter] 	at org.gradle.internal.operations.DefaultBuildOperationRunner$CallableBuildOperationWorker.execute(DefaultBuildOperationRunner.java:204)
2026-01-04T17:41:41.818+0545 [ERROR] [org.gradle.internal.buildevents.BuildExceptionReporter] 	at org.gradle.internal.operations.DefaultBuildOperationRunner$2.execute(DefaultBuildOperationRunner.java:66)
2026-01-04T17:41:41.818+0545 [ERROR] [org.gradle.internal.buildevents.BuildExceptionReporter] 	at org.gradle.internal.operations.DefaultBuildOperationRunner$2.execute(DefaultBuildOperationRunner.java:59)
2026-01-04T17:41:41.818+0545 [ERROR] [org.gradle.internal.buildevents.BuildExceptionReporter] 	at org.gradle.internal.operations.DefaultBuildOperationRunner.execute(DefaultBuildOperationRunner.java:166)
2026-01-04T17:41:41.818+0545 [ERROR] [org.gradle.internal.buildevents.BuildExceptionReporter] 	at org.gradle.internal.operations.DefaultBuildOperationRunner.execute(DefaultBuildOperationRunner.java:59)
2026-01-04T17:41:41.818+0545 [ERROR] [org.gradle.internal.buildevents.BuildExceptionReporter] 	at org.gradle.internal.operations.DefaultBuildOperationRunner.call(DefaultBuildOperationRunner.java:53)
2026-01-04T17:41:41.818+0545 [ERROR] [org.gradle.internal.buildevents.BuildExceptionReporter] 	at org.gradle.internal.execution.steps.ExecuteStep.execute(ExecuteStep.java:56)
2026-01-04T17:41:41.818+0545 [ERROR] [org.gradle.internal.buildevents.BuildExceptionReporter] 	at org.gradle.internal.execution.steps.ExecuteStep.execute(ExecuteStep.java:44)
2026-01-04T17:41:41.818+0545 [ERROR] [org.gradle.internal.buildevents.BuildExceptionReporter] 	at org.gradle.internal.execution.steps.CancelExecutionStep.execute(CancelExecutionStep.java:42)
2026-01-04T17:41:41.818+0545 [ERROR] [org.gradle.internal.buildevents.BuildExceptionReporter] 	at org.gradle.internal.execution.steps.TimeoutStep.executeWithoutTimeout(TimeoutStep.java:75)
2026-01-04T17:41:41.818+0545 [ERROR] [org.gradle.internal.buildevents.BuildExceptionReporter] 	at org.gradle.internal.execution.steps.TimeoutStep.execute(TimeoutStep.java:55)
2026-01-04T17:41:41.818+0545 [ERROR] [org.gradle.internal.buildevents.BuildExceptionReporter] 	at org.gradle.internal.execution.steps.PreCreateOutputParentsStep.execute(PreCreateOutputParentsStep.java:50)
2026-01-04T17:41:41.818+0545 [ERROR] [org.gradle.internal.buildevents.BuildExceptionReporter] 	at org.gradle.internal.execution.steps.PreCreateOutputParentsStep.execute(PreCreateOutputParentsStep.java:28)
2026-01-04T17:41:41.818+0545 [ERROR] [org.gradle.internal.buildevents.BuildExceptionReporter] 	at org.gradle.internal.execution.steps.RemovePreviousOutputsStep.execute(RemovePreviousOutputsStep.java:68)
2026-01-04T17:41:41.818+0545 [ERROR] [org.gradle.internal.buildevents.BuildExceptionReporter] 	at org.gradle.internal.execution.steps.RemovePreviousOutputsStep.execute(RemovePreviousOutputsStep.java:38)
2026-01-04T17:41:41.818+0545 [ERROR] [org.gradle.internal.buildevents.BuildExceptionReporter] 	at org.gradle.internal.execution.steps.BroadcastChangingOutputsStep.execute(BroadcastChangingOutputsStep.java:61)
2026-01-04T17:41:41.819+0545 [ERROR] [org.gradle.internal.buildevents.BuildExceptionReporter] 	at org.gradle.internal.execution.steps.BroadcastChangingOutputsStep.execute(BroadcastChangingOutputsStep.java:26)
2026-01-04T17:41:41.819+0545 [ERROR] [org.gradle.internal.buildevents.BuildExceptionReporter] 	at org.gradle.internal.execution.steps.CaptureOutputsAfterExecutionStep.execute(CaptureOutputsAfterExecutionStep.java:69)
2026-01-04T17:41:41.819+0545 [ERROR] [org.gradle.internal.buildevents.BuildExceptionReporter] 	at org.gradle.internal.execution.steps.CaptureOutputsAfterExecutionStep.execute(CaptureOutputsAfterExecutionStep.java:46)
2026-01-04T17:41:41.819+0545 [ERROR] [org.gradle.internal.buildevents.BuildExceptionReporter] 	at org.gradle.internal.execution.steps.ResolveInputChangesStep.execute(ResolveInputChangesStep.java:39)
2026-01-04T17:41:41.819+0545 [ERROR] [org.gradle.internal.buildevents.BuildExceptionReporter] 	at org.gradle.internal.execution.steps.ResolveInputChangesStep.execute(ResolveInputChangesStep.java:28)
2026-01-04T17:41:41.819+0545 [ERROR] [org.gradle.internal.buildevents.BuildExceptionReporter] 	at org.gradle.internal.execution.steps.BuildCacheStep.executeWithoutCache(BuildCacheStep.java:189)
2026-01-04T17:41:41.819+0545 [ERROR] [org.gradle.internal.buildevents.BuildExceptionReporter] 	at org.gradle.internal.execution.steps.BuildCacheStep.lambda$execute$1(BuildCacheStep.java:75)
2026-01-04T17:41:41.819+0545 [ERROR] [org.gradle.internal.buildevents.BuildExceptionReporter] 	at org.gradle.internal.Either$Right.fold(Either.java:176)
2026-01-04T17:41:41.819+0545 [ERROR] [org.gradle.internal.buildevents.BuildExceptionReporter] 	at org.gradle.internal.execution.caching.CachingState.fold(CachingState.java:62)
2026-01-04T17:41:41.819+0545 [ERROR] [org.gradle.internal.buildevents.BuildExceptionReporter] 	at org.gradle.internal.execution.steps.BuildCacheStep.execute(BuildCacheStep.java:73)
2026-01-04T17:41:41.819+0545 [ERROR] [org.gradle.internal.buildevents.BuildExceptionReporter] 	at org.gradle.internal.execution.steps.BuildCacheStep.execute(BuildCacheStep.java:48)
2026-01-04T17:41:41.819+0545 [ERROR] [org.gradle.internal.buildevents.BuildExceptionReporter] 	at org.gradle.internal.execution.steps.StoreExecutionStateStep.execute(StoreExecutionStateStep.java:46)
2026-01-04T17:41:41.819+0545 [ERROR] [org.gradle.internal.buildevents.BuildExceptionReporter] 	at org.gradle.internal.execution.steps.StoreExecutionStateStep.execute(StoreExecutionStateStep.java:35)
2026-01-04T17:41:41.819+0545 [ERROR] [org.gradle.internal.buildevents.BuildExceptionReporter] 	at org.gradle.internal.execution.steps.SkipUpToDateStep.executeBecause(SkipUpToDateStep.java:75)
2026-01-04T17:41:41.819+0545 [ERROR] [org.gradle.internal.buildevents.BuildExceptionReporter] 	at org.gradle.internal.execution.steps.SkipUpToDateStep.lambda$execute$2(SkipUpToDateStep.java:53)
2026-01-04T17:41:41.819+0545 [ERROR] [org.gradle.internal.buildevents.BuildExceptionReporter] 	at org.gradle.internal.execution.steps.SkipUpToDateStep.execute(SkipUpToDateStep.java:53)
2026-01-04T17:41:41.819+0545 [ERROR] [org.gradle.internal.buildevents.BuildExceptionReporter] 	at org.gradle.internal.execution.steps.SkipUpToDateStep.execute(SkipUpToDateStep.java:35)
2026-01-04T17:41:41.819+0545 [ERROR] [org.gradle.internal.buildevents.BuildExceptionReporter] 	at org.gradle.internal.execution.steps.legacy.MarkSnapshottingInputsFinishedStep.execute(MarkSnapshottingInputsFinishedStep.java:37)
2026-01-04T17:41:41.819+0545 [ERROR] [org.gradle.internal.buildevents.BuildExceptionReporter] 	at org.gradle.internal.execution.steps.legacy.MarkSnapshottingInputsFinishedStep.execute(MarkSnapshottingInputsFinishedStep.java:27)
2026-01-04T17:41:41.819+0545 [ERROR] [org.gradle.internal.buildevents.BuildExceptionReporter] 	at org.gradle.internal.execution.steps.ResolveIncrementalCachingStateStep.executeDelegate(ResolveIncrementalCachingStateStep.java:49)
2026-01-04T17:41:41.819+0545 [ERROR] [org.gradle.internal.buildevents.BuildExceptionReporter] 	at org.gradle.internal.execution.steps.ResolveIncrementalCachingStateStep.executeDelegate(ResolveIncrementalCachingStateStep.java:27)
2026-01-04T17:41:41.819+0545 [ERROR] [org.gradle.internal.buildevents.BuildExceptionReporter] 	at org.gradle.internal.execution.steps.AbstractResolveCachingStateStep.execute(AbstractResolveCachingStateStep.java:71)
2026-01-04T17:41:41.819+0545 [ERROR] [org.gradle.internal.buildevents.BuildExceptionReporter] 	at org.gradle.internal.execution.steps.AbstractResolveCachingStateStep.execute(AbstractResolveCachingStateStep.java:39)
2026-01-04T17:41:41.819+0545 [ERROR] [org.gradle.internal.buildevents.BuildExceptionReporter] 	at org.gradle.internal.execution.steps.ResolveChangesStep.execute(ResolveChangesStep.java:64)
2026-01-04T17:41:41.819+0545 [ERROR] [org.gradle.internal.buildevents.BuildExceptionReporter] 	at org.gradle.internal.execution.steps.ResolveChangesStep.execute(ResolveChangesStep.java:35)
2026-01-04T17:41:41.819+0545 [ERROR] [org.gradle.internal.buildevents.BuildExceptionReporter] 	at org.gradle.internal.execution.steps.ValidateStep.execute(ValidateStep.java:62)
2026-01-04T17:41:41.819+0545 [ERROR] [org.gradle.internal.buildevents.BuildExceptionReporter] 	at org.gradle.internal.execution.steps.ValidateStep.execute(ValidateStep.java:40)
2026-01-04T17:41:41.819+0545 [ERROR] [org.gradle.internal.buildevents.BuildExceptionReporter] 	at org.gradle.internal.execution.steps.AbstractCaptureStateBeforeExecutionStep.execute(AbstractCaptureStateBeforeExecutionStep.java:76)
2026-01-04T17:41:41.819+0545 [ERROR] [org.gradle.internal.buildevents.BuildExceptionReporter] 	at org.gradle.internal.execution.steps.AbstractCaptureStateBeforeExecutionStep.execute(AbstractCaptureStateBeforeExecutionStep.java:45)
2026-01-04T17:41:41.819+0545 [ERROR] [org.gradle.internal.buildevents.BuildExceptionReporter] 	at org.gradle.internal.execution.steps.AbstractSkipEmptyWorkStep.executeWithNonEmptySources(AbstractSkipEmptyWorkStep.java:136)
2026-01-04T17:41:41.819+0545 [ERROR] [org.gradle.internal.buildevents.BuildExceptionReporter] 	at org.gradle.internal.execution.steps.AbstractSkipEmptyWorkStep.execute(AbstractSkipEmptyWorkStep.java:61)
2026-01-04T17:41:41.820+0545 [ERROR] [org.gradle.internal.buildevents.BuildExceptionReporter] 	at org.gradle.internal.execution.steps.AbstractSkipEmptyWorkStep.execute(AbstractSkipEmptyWorkStep.java:38)
2026-01-04T17:41:41.820+0545 [ERROR] [org.gradle.internal.buildevents.BuildExceptionReporter] 	at org.gradle.internal.execution.steps.legacy.MarkSnapshottingInputsStartedStep.execute(MarkSnapshottingInputsStartedStep.java:38)
2026-01-04T17:41:41.820+0545 [ERROR] [org.gradle.internal.buildevents.BuildExceptionReporter] 	at org.gradle.internal.execution.steps.LoadPreviousExecutionStateStep.execute(LoadPreviousExecutionStateStep.java:36)
2026-01-04T17:41:41.820+0545 [ERROR] [org.gradle.internal.buildevents.BuildExceptionReporter] 	at org.gradle.internal.execution.steps.LoadPreviousExecutionStateStep.execute(LoadPreviousExecutionStateStep.java:23)
2026-01-04T17:41:41.820+0545 [ERROR] [org.gradle.internal.buildevents.BuildExceptionReporter] 	at org.gradle.internal.execution.steps.HandleStaleOutputsStep.execute(HandleStaleOutputsStep.java:75)
2026-01-04T17:41:41.820+0545 [ERROR] [org.gradle.internal.buildevents.BuildExceptionReporter] 	at org.gradle.internal.execution.steps.HandleStaleOutputsStep.execute(HandleStaleOutputsStep.java:41)
2026-01-04T17:41:41.820+0545 [ERROR] [org.gradle.internal.buildevents.BuildExceptionReporter] 	at org.gradle.internal.execution.steps.AssignMutableWorkspaceStep.lambda$execute$0(AssignMutableWorkspaceStep.java:35)
2026-01-04T17:41:41.820+0545 [ERROR] [org.gradle.internal.buildevents.BuildExceptionReporter] 	at org.gradle.api.internal.tasks.execution.TaskExecution$4.withWorkspace(TaskExecution.java:297)
2026-01-04T17:41:41.820+0545 [ERROR] [org.gradle.internal.buildevents.BuildExceptionReporter] 	at org.gradle.internal.execution.steps.AssignMutableWorkspaceStep.execute(AssignMutableWorkspaceStep.java:31)
2026-01-04T17:41:41.820+0545 [ERROR] [org.gradle.internal.buildevents.BuildExceptionReporter] 	at org.gradle.internal.execution.steps.AssignMutableWorkspaceStep.execute(AssignMutableWorkspaceStep.java:22)
2026-01-04T17:41:41.820+0545 [ERROR] [org.gradle.internal.buildevents.BuildExceptionReporter] 	at org.gradle.internal.execution.steps.ChoosePipelineStep.execute(ChoosePipelineStep.java:40)
2026-01-04T17:41:41.820+0545 [ERROR] [org.gradle.internal.buildevents.BuildExceptionReporter] 	at org.gradle.internal.execution.steps.ChoosePipelineStep.execute(ChoosePipelineStep.java:23)
2026-01-04T17:41:41.820+0545 [ERROR] [org.gradle.internal.buildevents.BuildExceptionReporter] 	at org.gradle.internal.execution.steps.ExecuteWorkBuildOperationFiringStep.lambda$execute$2(ExecuteWorkBuildOperationFiringStep.java:67)
2026-01-04T17:41:41.820+0545 [ERROR] [org.gradle.internal.buildevents.BuildExceptionReporter] 	at org.gradle.internal.execution.steps.ExecuteWorkBuildOperationFiringStep.execute(ExecuteWorkBuildOperationFiringStep.java:67)
2026-01-04T17:41:41.820+0545 [ERROR] [org.gradle.internal.buildevents.BuildExceptionReporter] 	at org.gradle.internal.execution.steps.ExecuteWorkBuildOperationFiringStep.execute(ExecuteWorkBuildOperationFiringStep.java:39)
2026-01-04T17:41:41.820+0545 [ERROR] [org.gradle.internal.buildevents.BuildExceptionReporter] 	at org.gradle.internal.execution.steps.IdentityCacheStep.execute(IdentityCacheStep.java:46)
2026-01-04T17:41:41.820+0545 [ERROR] [org.gradle.internal.buildevents.BuildExceptionReporter] 	at org.gradle.internal.execution.steps.IdentityCacheStep.execute(IdentityCacheStep.java:34)
2026-01-04T17:41:41.820+0545 [ERROR] [org.gradle.internal.buildevents.BuildExceptionReporter] 	at org.gradle.internal.execution.steps.IdentifyStep.execute(IdentifyStep.java:44)
2026-01-04T17:41:41.820+0545 [ERROR] [org.gradle.internal.buildevents.BuildExceptionReporter] 	at org.gradle.internal.execution.steps.IdentifyStep.execute(IdentifyStep.java:31)
2026-01-04T17:41:41.820+0545 [ERROR] [org.gradle.internal.buildevents.BuildExceptionReporter] 	at org.gradle.internal.execution.impl.DefaultExecutionEngine$1.execute(DefaultExecutionEngine.java:64)
2026-01-04T17:41:41.820+0545 [ERROR] [org.gradle.internal.buildevents.BuildExceptionReporter] 	at org.gradle.api.internal.tasks.execution.ExecuteActionsTaskExecuter.executeIfValid(ExecuteActionsTaskExecuter.java:132)
2026-01-04T17:41:41.820+0545 [ERROR] [org.gradle.internal.buildevents.BuildExceptionReporter] 	... 30 more
2026-01-04T17:41:41.820+0545 [ERROR] [org.gradle.internal.buildevents.BuildExceptionReporter] Caused by: com.android.builder.internal.aapt.v2.Aapt2Exception: Android resource linking failed
2026-01-04T17:41:41.820+0545 [ERROR] [org.gradle.internal.buildevents.BuildExceptionReporter] ERROR: /home/zen/Documents/unfinished_business/clippy-share/android/app/src/main/AndroidManifest.xml:13:5-37:19: AAPT: error: resource mipmap/ic_launcher (aka com.example.clippyshare:mipmap/ic_launcher) not found.
2026-01-04T17:41:41.820+0545 [ERROR] [org.gradle.internal.buildevents.BuildExceptionReporter]     
2026-01-04T17:41:41.820+0545 [ERROR] [org.gradle.internal.buildevents.BuildExceptionReporter] 	at com.android.builder.internal.aapt.v2.Aapt2Exception$Companion.create(Aapt2Exception.kt:45)
2026-01-04T17:41:41.821+0545 [ERROR] [org.gradle.internal.buildevents.BuildExceptionReporter] 	at com.android.builder.internal.aapt.v2.Aapt2Exception$Companion.create$default(Aapt2Exception.kt:33)
2026-01-04T17:41:41.821+0545 [ERROR] [org.gradle.internal.buildevents.BuildExceptionReporter] 	at com.android.build.gradle.internal.res.Aapt2ErrorUtils.rewriteException(Aapt2ErrorUtils.kt:262)
2026-01-04T17:41:41.821+0545 [ERROR] [org.gradle.internal.buildevents.BuildExceptionReporter] 	at com.android.build.gradle.internal.res.Aapt2ErrorUtils.rewriteLinkException(Aapt2ErrorUtils.kt:133)
2026-01-04T17:41:41.821+0545 [ERROR] [org.gradle.internal.buildevents.BuildExceptionReporter] 	at com.android.build.gradle.internal.res.Aapt2ProcessResourcesRunnableKt.processResources(Aapt2ProcessResourcesRunnable.kt:76)
2026-01-04T17:41:41.821+0545 [ERROR] [org.gradle.internal.buildevents.BuildExceptionReporter] 	at com.android.build.gradle.internal.res.LinkApplicationAndroidResourcesTask$Companion.invokeAaptForSplit(LinkApplicationAndroidResourcesTask.kt:941)
2026-01-04T17:41:41.821+0545 [ERROR] [org.gradle.internal.buildevents.BuildExceptionReporter] 	at com.android.build.gradle.internal.res.LinkApplicationAndroidResourcesTask$Companion.access$invokeAaptForSplit(LinkApplicationAndroidResourcesTask.kt:796)
2026-01-04T17:41:41.821+0545 [ERROR] [org.gradle.internal.buildevents.BuildExceptionReporter] 	at com.android.build.gradle.internal.res.LinkApplicationAndroidResourcesTask$TaskAction.run(LinkApplicationAndroidResourcesTask.kt:432)
2026-01-04T17:41:41.821+0545 [ERROR] [org.gradle.internal.buildevents.BuildExceptionReporter] 	at com.android.build.gradle.internal.profile.ProfileAwareWorkAction.execute(ProfileAwareWorkAction.kt:74)
2026-01-04T17:41:41.821+0545 [ERROR] [org.gradle.internal.buildevents.BuildExceptionReporter] 	at org.gradle.workers.internal.DefaultWorkerServer.execute(DefaultWorkerServer.java:68)
2026-01-04T17:41:41.821+0545 [ERROR] [org.gradle.internal.buildevents.BuildExceptionReporter] 	at org.gradle.workers.internal.NoIsolationWorkerFactory$1$1.create(NoIsolationWorkerFactory.java:64)
2026-01-04T17:41:41.821+0545 [ERROR] [org.gradle.internal.buildevents.BuildExceptionReporter] 	at org.gradle.workers.internal.NoIsolationWorkerFactory$1$1.create(NoIsolationWorkerFactory.java:61)
2026-01-04T17:41:41.821+0545 [ERROR] [org.gradle.internal.buildevents.BuildExceptionReporter] 	at org.gradle.internal.classloader.ClassLoaderUtils.executeInClassloader(ClassLoaderUtils.java:100)
2026-01-04T17:41:41.821+0545 [ERROR] [org.gradle.internal.buildevents.BuildExceptionReporter] 	at org.gradle.workers.internal.NoIsolationWorkerFactory$1.lambda$execute$0(NoIsolationWorkerFactory.java:61)
2026-01-04T17:41:41.821+0545 [ERROR] [org.gradle.internal.buildevents.BuildExceptionReporter] 	at org.gradle.workers.internal.AbstractWorker$1.call(AbstractWorker.java:44)
2026-01-04T17:41:41.822+0545 [ERROR] [org.gradle.internal.buildevents.BuildExceptionReporter] 	at org.gradle.workers.internal.AbstractWorker$1.call(AbstractWorker.java:41)
2026-01-04T17:41:41.822+0545 [ERROR] [org.gradle.internal.buildevents.BuildExceptionReporter] 	at org.gradle.internal.operations.DefaultBuildOperationRunner$CallableBuildOperationWorker.execute(DefaultBuildOperationRunner.java:209)
2026-01-04T17:41:41.822+0545 [ERROR] [org.gradle.internal.buildevents.BuildExceptionReporter] 	at org.gradle.internal.operations.DefaultBuildOperationRunner$CallableBuildOperationWorker.execute(DefaultBuildOperationRunner.java:204)
2026-01-04T17:41:41.822+0545 [ERROR] [org.gradle.internal.buildevents.BuildExceptionReporter] 	at org.gradle.internal.operations.DefaultBuildOperationRunner$2.execute(DefaultBuildOperationRunner.java:66)
2026-01-04T17:41:41.822+0545 [ERROR] [org.gradle.internal.buildevents.BuildExceptionReporter] 	at org.gradle.internal.operations.DefaultBuildOperationRunner$2.execute(DefaultBuildOperationRunner.java:59)
2026-01-04T17:41:41.822+0545 [ERROR] [org.gradle.internal.buildevents.BuildExceptionReporter] 	at org.gradle.internal.operations.DefaultBuildOperationRunner.execute(DefaultBuildOperationRunner.java:166)
2026-01-04T17:41:41.822+0545 [ERROR] [org.gradle.internal.buildevents.BuildExceptionReporter] 	at org.gradle.internal.operations.DefaultBuildOperationRunner.execute(DefaultBuildOperationRunner.java:59)
2026-01-04T17:41:41.822+0545 [ERROR] [org.gradle.internal.buildevents.BuildExceptionReporter] 	at org.gradle.internal.operations.DefaultBuildOperationRunner.call(DefaultBuildOperationRunner.java:53)
2026-01-04T17:41:41.822+0545 [ERROR] [org.gradle.internal.buildevents.BuildExceptionReporter] 	at org.gradle.workers.internal.AbstractWorker.executeWrappedInBuildOperation(AbstractWorker.java:41)
2026-01-04T17:41:41.822+0545 [ERROR] [org.gradle.internal.buildevents.BuildExceptionReporter] 	at org.gradle.workers.internal.NoIsolationWorkerFactory$1.execute(NoIsolationWorkerFactory.java:58)
2026-01-04T17:41:41.822+0545 [ERROR] [org.gradle.internal.buildevents.BuildExceptionReporter] 	at org.gradle.workers.internal.DefaultWorkerExecutor.lambda$submitWork$0(DefaultWorkerExecutor.java:176)
2026-01-04T17:41:41.822+0545 [ERROR] [org.gradle.internal.buildevents.BuildExceptionReporter] 	at org.gradle.internal.work.DefaultConditionalExecutionQueue$ExecutionRunner.runExecution(DefaultConditionalExecutionQueue.java:194)
2026-01-04T17:41:41.823+0545 [ERROR] [org.gradle.internal.buildevents.BuildExceptionReporter] 	at org.gradle.internal.work.DefaultConditionalExecutionQueue$ExecutionRunner.access$700(DefaultConditionalExecutionQueue.java:127)
2026-01-04T17:41:41.823+0545 [ERROR] [org.gradle.internal.buildevents.BuildExceptionReporter] 	at org.gradle.internal.work.DefaultConditionalExecutionQueue$ExecutionRunner$1.run(DefaultConditionalExecutionQueue.java:169)
2026-01-04T17:41:41.823+0545 [ERROR] [org.gradle.internal.buildevents.BuildExceptionReporter] 	at org.gradle.internal.Factories$1.create(Factories.java:33)
2026-01-04T17:41:41.823+0545 [ERROR] [org.gradle.internal.buildevents.BuildExceptionReporter] 	at org.gradle.internal.work.DefaultWorkerLeaseService.lambda$withLocksAcquired$0(DefaultWorkerLeaseService.java:269)
2026-01-04T17:41:41.823+0545 [ERROR] [org.gradle.internal.buildevents.BuildExceptionReporter] 	at org.gradle.internal.work.ResourceLockStatistics$1.measure(ResourceLockStatistics.java:42)
2026-01-04T17:41:41.823+0545 [ERROR] [org.gradle.internal.buildevents.BuildExceptionReporter] 	at org.gradle.internal.work.DefaultWorkerLeaseService.withLocksAcquired(DefaultWorkerLeaseService.java:267)
2026-01-04T17:41:41.823+0545 [ERROR] [org.gradle.internal.buildevents.BuildExceptionReporter] 	at org.gradle.internal.work.DefaultWorkerLeaseService.withLocks(DefaultWorkerLeaseService.java:259)
2026-01-04T17:41:41.823+0545 [ERROR] [org.gradle.internal.buildevents.BuildExceptionReporter] 	at org.gradle.internal.work.DefaultWorkerLeaseService.runAsWorkerThread(DefaultWorkerLeaseService.java:127)
2026-01-04T17:41:41.823+0545 [ERROR] [org.gradle.internal.buildevents.BuildExceptionReporter] 	at org.gradle.internal.work.DefaultWorkerLeaseService.runAsWorkerThread(DefaultWorkerLeaseService.java:132)
2026-01-04T17:41:41.823+0545 [ERROR] [org.gradle.internal.buildevents.BuildExceptionReporter] 	at org.gradle.internal.work.DefaultConditionalExecutionQueue$ExecutionRunner.runBatch(DefaultConditionalExecutionQueue.java:164)
2026-01-04T17:41:41.823+0545 [ERROR] [org.gradle.internal.buildevents.BuildExceptionReporter] 	at org.gradle.internal.work.DefaultConditionalExecutionQueue$ExecutionRunner.run(DefaultConditionalExecutionQueue.java:133)
2026-01-04T17:41:41.823+0545 [ERROR] [org.gradle.internal.buildevents.BuildExceptionReporter] 	... 2 more
2026-01-04T17:41:41.823+0545 [ERROR] [org.gradle.internal.buildevents.BuildExceptionReporter] 
2026-01-04T17:41:41.823+0545 [ERROR] [org.gradle.internal.buildevents.BuildResultLogger] 
2026-01-04T17:41:41.823+0545 [ERROR] [org.gradle.internal.buildevents.BuildResultLogger] BUILD FAILED in 2s
2026-01-04T17:41:41.823+0545 [LIFECYCLE] [org.gradle.internal.buildevents.TaskExecutionStatisticsReporter] 30 actionable tasks: 1 executed, 29 up-to-date
2026-01-04T17:41:41.824+0545 [DEBUG] [org.gradle.internal.operations.DefaultBuildOperationRunner] Build operation 'Build finished for file system watching' started
2026-01-04T17:41:41.829+0545 [DEBUG] [org.gradle.internal.operations.DefaultBuildOperationRunner] Completing Build operation 'Build finished for file system watching'
2026-01-04T17:41:41.829+0545 [DEBUG] [org.gradle.internal.operations.DefaultBuildOperationRunner] Build operation 'Build finished for file system watching' completed
2026-01-04T17:41:41.830+0545 [WARN] [org.gradle.internal.cc.impl.problems.ConfigurationCacheProblems] Configuration cache entry reused.
2026-01-04T17:41:41.831+0545 [DEBUG] [org.gradle.cache.internal.LockOnDemandCrossProcessCacheAccess] Releasing file lock for cache directory md-supplier (/home/zen/.gradle/caches/9.2.0/md-supplier)
2026-01-04T17:41:41.831+0545 [DEBUG] [org.gradle.cache.internal.DefaultFileLockManager] Releasing lock on cache directory md-supplier (/home/zen/.gradle/caches/9.2.0/md-supplier).
2026-01-04T17:41:41.831+0545 [DEBUG] [org.gradle.cache.internal.LockOnDemandCrossProcessCacheAccess] Releasing file lock for Build Output Cleanup Cache (/home/zen/Documents/unfinished_business/clippy-share/android/.gradle/buildOutputCleanup)
2026-01-04T17:41:41.832+0545 [DEBUG] [org.gradle.cache.internal.btree.BTreePersistentIndexedCache] Closing cache outputFiles.bin (/home/zen/Documents/unfinished_business/clippy-share/android/.gradle/buildOutputCleanup/outputFiles.bin)
2026-01-04T17:41:41.832+0545 [DEBUG] [org.gradle.cache.internal.DefaultFileLockManager] Releasing lock on Build Output Cleanup Cache (/home/zen/Documents/unfinished_business/clippy-share/android/.gradle/buildOutputCleanup).
2026-01-04T17:41:41.832+0545 [DEBUG] [org.gradle.cache.internal.LockOnDemandCrossProcessCacheAccess] Releasing file lock for execution history cache (/home/zen/Documents/unfinished_business/clippy-share/android/.gradle/9.2.0/executionHistory)
2026-01-04T17:41:41.832+0545 [DEBUG] [org.gradle.cache.internal.btree.BTreePersistentIndexedCache] Closing cache executionHistory.bin (/home/zen/Documents/unfinished_business/clippy-share/android/.gradle/9.2.0/executionHistory/executionHistory.bin)
2026-01-04T17:41:41.832+0545 [DEBUG] [org.gradle.cache.internal.DefaultFileLockManager] Releasing lock on execution history cache (/home/zen/Documents/unfinished_business/clippy-share/android/.gradle/9.2.0/executionHistory).
2026-01-04T17:41:41.832+0545 [DEBUG] [org.gradle.cache.internal.LockOnDemandCrossProcessCacheAccess] Releasing file lock for cache directory md-rule (/home/zen/.gradle/caches/9.2.0/md-rule)
2026-01-04T17:41:41.832+0545 [DEBUG] [org.gradle.cache.internal.DefaultFileLockManager] Releasing lock on cache directory md-rule (/home/zen/.gradle/caches/9.2.0/md-rule).
2026-01-04T17:41:41.833+0545 [DEBUG] [org.gradle.api.internal.artifacts.ivyservice.resolveengine.store.ResolutionResultsStoreFactory] Deleted 0 resolution results binary files in 0.0 secs
2026-01-04T17:41:41.834+0545 [DEBUG] [org.gradle.internal.operations.DefaultBuildOperationRunner] Completing Build operation 'Run build'
2026-01-04T17:41:41.834+0545 [DEBUG] [org.gradle.internal.operations.DefaultBuildOperationRunner] Build operation 'Run build' completed
2026-01-04T17:41:41.834+0545 [DEBUG] [org.gradle.internal.resources.AbstractTrackedResourceLock] Daemon worker Thread 2: released lock on worker lease
2026-01-04T17:41:41.840+0545 [DEBUG] [org.gradle.deployment.internal.DefaultDeploymentRegistry] Stopping 0 deployment handles
2026-01-04T17:41:41.840+0545 [DEBUG] [org.gradle.deployment.internal.DefaultDeploymentRegistry] Stopped deployment handles
2026-01-04T17:41:41.840+0545 [DEBUG] [org.gradle.cache.internal.LockOnDemandCrossProcessCacheAccess] Releasing file lock for Configuration Cache (/home/zen/Documents/unfinished_business/clippy-share/android/.gradle/configuration-cache)
2026-01-04T17:41:41.840+0545 [DEBUG] [org.gradle.cache.internal.DefaultFileLockManager] Releasing lock on Configuration Cache (/home/zen/Documents/unfinished_business/clippy-share/android/.gradle/configuration-cache).
2026-01-04T17:41:41.840+0545 [DEBUG] [org.gradle.cache.internal.DefaultCacheCleanupExecutor] Configuration Cache (/home/zen/Documents/unfinished_business/clippy-share/android/.gradle/configuration-cache) has last been fully cleaned up 3 hours ago
2026-01-04T17:41:41.840+0545 [DEBUG] [org.gradle.cache.internal.DefaultCacheCleanupExecutor] Skipping cleanup for Configuration Cache (/home/zen/Documents/unfinished_business/clippy-share/android/.gradle/configuration-cache) as it is not yet due
2026-01-04T17:41:41.841+0545 [DEBUG] [org.gradle.cache.internal.LockOnDemandCrossProcessCacheAccess] Releasing file lock for file hash cache (/home/zen/Documents/unfinished_business/clippy-share/android/.gradle/9.2.0/fileHashes)
2026-01-04T17:41:41.841+0545 [DEBUG] [org.gradle.cache.internal.btree.BTreePersistentIndexedCache] Closing cache fileHashes.bin (/home/zen/Documents/unfinished_business/clippy-share/android/.gradle/9.2.0/fileHashes/fileHashes.bin)
2026-01-04T17:41:41.841+0545 [DEBUG] [org.gradle.cache.internal.DefaultFileLockManager] Releasing lock on file hash cache (/home/zen/Documents/unfinished_business/clippy-share/android/.gradle/9.2.0/fileHashes).
2026-01-04T17:41:41.841+0545 [DEBUG] [org.gradle.cache.internal.LockOnDemandCrossProcessCacheAccess] Releasing file lock for checksums cache (/home/zen/Documents/unfinished_business/clippy-share/android/.gradle/9.2.0/checksums)
2026-01-04T17:41:41.841+0545 [DEBUG] [org.gradle.cache.internal.DefaultFileLockManager] Releasing lock on checksums cache (/home/zen/Documents/unfinished_business/clippy-share/android/.gradle/9.2.0/checksums).
2026-01-04T17:41:41.841+0545 [DEBUG] [org.gradle.cache.internal.DefaultCacheCoordinator] Cache Compressed Files Expansion Cache (/home/zen/Documents/unfinished_business/clippy-share/android/.gradle/9.2.0/expanded) was closed 0 times.
2026-01-04T17:41:41.842+0545 [DEBUG] [org.gradle.cache.internal.DefaultCacheCleanupExecutor] VCS Checkout Cache (/home/zen/Documents/unfinished_business/clippy-share/android/.gradle/vcs-1) has last been fully cleaned up 3 hours ago
2026-01-04T17:41:41.842+0545 [DEBUG] [org.gradle.cache.internal.DefaultCacheCleanupExecutor] Skipping cleanup for VCS Checkout Cache (/home/zen/Documents/unfinished_business/clippy-share/android/.gradle/vcs-1) as it is not yet due
2026-01-04T17:41:41.842+0545 [DEBUG] [org.gradle.cache.internal.DefaultCacheCoordinator] Cache VCS Checkout Cache (/home/zen/Documents/unfinished_business/clippy-share/android/.gradle/vcs-1) was closed 0 times.
2026-01-04T17:41:41.842+0545 [DEBUG] [org.gradle.cache.internal.DefaultCacheCoordinator] Cache VCS metadata (/home/zen/Documents/unfinished_business/clippy-share/android/.gradle/9.2.0/vcsMetadata) was closed 0 times.
2026-01-04T17:41:41.842+0545 [DEBUG] [org.gradle.internal.operations.DefaultBuildOperationRunner] Build operation 'Deleting unused version-specific caches in /home/zen/Documents/unfinished_business/clippy-share/android/.gradle' started
2026-01-04T17:41:41.842+0545 [DEBUG] [org.gradle.internal.operations.DefaultBuildOperationRunner] Completing Build operation 'Deleting unused version-specific caches in /home/zen/Documents/unfinished_business/clippy-share/android/.gradle'
2026-01-04T17:41:41.842+0545 [DEBUG] [org.gradle.internal.operations.DefaultBuildOperationRunner] Build operation 'Deleting unused version-specific caches in /home/zen/Documents/unfinished_business/clippy-share/android/.gradle' completed
2026-01-04T17:41:41.850+0545 [DEBUG] [org.gradle.launcher.daemon.server.exec.ExecuteBuild] The daemon has finished executing the build.
2026-01-04T17:41:41.956+0545 [DEBUG] [org.gradle.launcher.daemon.client.DaemonClientConnection] thread 1: dispatching class org.gradle.launcher.daemon.protocol.CloseInput
2026-01-04T17:41:41.957+0545 [DEBUG] [org.gradle.launcher.daemon.client.DaemonClient] Received result Success[value=org.gradle.launcher.exec.BuildActionResult@23d1e5d0] from daemon DaemonInfo{pid=208231, address=[dc1609a7-1cf2-4a49-801c-691cb0a3b84b port:37081, addresses:[/127.0.0.1]], state=Idle, lastBusy=1767527241973, context=DefaultDaemonContext[uid=9a71c84c-8bd4-4a0a-9931-dc99366d3b31,javaHome=/usr/lib/jvm/java-17-openjdk,javaVersion=17,javaVendor=Arch Linux,daemonRegistryDir=/home/zen/.gradle/daemon,pid=208231,idleTimeout=10800000,priority=NORMAL,applyInstrumentationAgent=true,nativeServicesMode=ENABLED,daemonOpts=-Xmx2048m,-Dfile.encoding=UTF-8,-Duser.country=US,-Duser.language=en,-Duser.variant]} (build should be done).
2026-01-04T17:41:41.957+0545 [DEBUG] [org.gradle.launcher.daemon.client.DaemonClientConnection] thread 1: dispatching class org.gradle.launcher.daemon.protocol.Finished
2026-01-04T17:41:41.957+0545 [DEBUG] [org.gradle.launcher.daemon.client.DaemonClientConnection] thread 1: connection stop
2026-01-04T17:41:41.961+0545 [DEBUG] [org.gradle.cache.internal.DefaultCacheCoordinator] Cache cache directory jvms (/home/zen/.gradle/caches/9.2.0/jvms) was closed 0 times.
2026-01-04T17:41:41.962+0545 [LIFECYCLE] [org.gradle.launcher.cli.DebugLoggerWarningAction] 
#############################################################################
   WARNING WARNING WARNING WARNING WARNING WARNING WARNING WARNING WARNING

   Debug level logging will leak security sensitive information!

   For more details, please refer to https://docs.gradle.org/9.2.0/userguide/logging.html#sec:debug_security in the Gradle documentation.
#############################################################################

